Workbook
Name BulanSel: PENGATURAN!$C$16
Name TahunSel: PENGATURAN!$C$17
Name UnitUsaha: PENGATURAN!$B$22:$B$28
Name KodeAkun: AKUN!$A$2:$A$200

Sheet PENGATURAN
B2: BUMDESA LANCAR JAYA
B3: Sistem laporan keuangan multi-bulan — Desa Curahdringu, Kecamatan Tongas, Kabupaten Probolinggo
B5: Badan Usaha | C5: LANCAR JAYA
B6: Desa | C6: CURAHDRINGU
B7: Kecamatan | C7: TONGAS
B8: Kabupaten | C8: PROBOLINGGO
B9: Direktur | C9: DITA TIA MUKARROMAH
B10: Bendahara | C10: ROBIATUL HUSNA
B11: Penasihat | C11: ................................
B12: Pengawas | C12: ................................
B15: KONTROL PERIODE (ubah di sini)
B16: Bulan aktif (1-12) | C16: 9
B17: Tahun aktif | C17: 2025
B18: Nama bulan | C18: =TEXT(DATE(TahunSel,BulanSel,1),"mmmm")
B19: Periode aktif | C19: =DATE(TahunSel,BulanSel,1)
B21: DAFTAR UNIT USAHA (boleh diedit) | D21: RINGKASAN BULAN AKTIF
B22: Pusat | D22: Saldo kas akhir | E22: ='ARUS KAS'!$H$15
B23: Unit Pertanian | D23: Pendapatan bulan ini | E23: ='LABA RUGI'!$C$21
B24: Unit Peternakan | D24: Beban bulan ini | E24: ='LABA RUGI'!$C$48
B25: Unit Air Bersih | D25: Surplus/(Rugi) bulan ini | E25: ='LABA RUGI'!$C$50
B26: Unit Simpan Pinjam | D26: Surplus/(Rugi) s/d bulan ini | E26: ='LABA RUGI'!$D$50
B27: Unit Sewa Aset
B28: Unit Pelayanan Jasa | D28: CEK KESEHATAN DATA
D29: Jurnal Debet = Kredit? | E29: =IF(ABS(SUM(TRANSAKSI!$H$10:$H$1000)-SUM(TRANSAKSI!$I$10:$I$1000))<1,"OK — seimbang","CEK — selisih")
D30: Neraca balance? | E30: ='POSISI KEUANGAN'!$C$35
D32: Semua laporan otomatis mengikuti Bulan/Tahun aktif dan transaksi yang diisi.

Sheet TRANSAKSI
A2: TRANSAKSI JURNAL TAHUNAN
A3: Satu baris adalah satu akun. Untuk satu transaksi, isi minimal satu baris debet dan satu baris kredit dengan tanggal, unit, serta uraian yang sama.
A9: No | B9: Tanggal | C9: Unit Usaha | D9: Jenis | E9: Kode Akun | F9: Nama Akun | G9: Uraian | H9: Debet | I9: Kredit | J9: Bulan | K9: Tahun
A10: =IF($B10="","",ROW()-9) | B10: 45901 | C10: Unit Pertanian | D10: Operasional | E10: 1.1.01.01 | F10: =IF($E10="","",IFERROR(VLOOKUP($E10,AKUN!$A$2:$B$200,2,FALSE),"Kode tidak ditemukan")) | G10: [CONTOH] Saldo awal kas usaha pertanian | H10: 97950000 | J10: =IF($B10="","",MONTH($B10)) | K10: =IF($B10="","",YEAR($B10))
A11: =IF($B11="","",ROW()-9) | B11: 45901 | C11: Unit Pertanian | D11: Operasional | E11: 3.3.01.04 | F11: =IF($E11="","",IFERROR(VLOOKUP($E11,AKUN!$A$2:$B$200,2,FALSE),"Kode tidak ditemukan")) | G11: [CONTOH] Saldo awal kas usaha pertanian | I11: 97950000 | J11: =IF($B11="","",MONTH($B11)) | K11: =IF($B11="","",YEAR($B11))
A12: =IF($B12="","",ROW()-9) | B12: 45905 | C12: Unit Pertanian | D12: Operasional | E12: 1.1.01.01 | F12: =IF($E12="","",IFERROR(VLOOKUP($E12,AKUN!$A$2:$B$200,2,FALSE),"Kode tidak ditemukan")) | G12: [CONTOH] Penjualan padi | H12: 4000000 | J12: =IF($B12="","",MONTH($B12)) | K12: =IF($B12="","",YEAR($B12))
A13: =IF($B13="","",ROW()-9) | B13: 45905 | C13: Unit Pertanian | D13: Operasional | E13: 4.1.12.02 | F13: =IF($E13="","",IFERROR(VLOOKUP($E13,AKUN!$A$2:$B$200,2,FALSE),"Kode tidak ditemukan")) | G13: [CONTOH] Penjualan padi | I13: 4000000 | J13: =IF($B13="","",MONTH($B13)) | K13: =IF($B13="","",YEAR($B13))
A14: =IF($B14="","",ROW()-9) | B14: 45910 | C14: Unit Pertanian | D14: Operasional | E14: 1.1.01.01 | F14: =IF($E14="","",IFERROR(VLOOKUP($E14,AKUN!$A$2:$B$200,2,FALSE),"Kode tidak ditemukan")) | G14: [CONTOH] Penjualan jagung | H14: 3000000 | J14: =IF($B14="","",MONTH($B14)) | K14: =IF($B14="","",YEAR($B14))
A15: =IF($B15="","",ROW()-9) | B15: 45910 | C15: Unit Pertanian | D15: Operasional | E15: 4.1.12.01 | F15: =IF($E15="","",IFERROR(VLOOKUP($E15,AKUN!$A$2:$B$200,2,FALSE),"Kode tidak ditemukan")) | G15: [CONTOH] Penjualan jagung | I15: 3000000 | J15: =IF($B15="","",MONTH($B15)) | K15: =IF($B15="","",YEAR($B15))
A16: =IF($B16="","",ROW()-9) | B16: 45919 | C16: Unit Pertanian | D16: Operasional | E16: 6.2.99.99 | F16: =IF($E16="","",IFERROR(VLOOKUP($E16,AKUN!$A$2:$B$200,2,FALSE),"Kode tidak ditemukan")) | G16: [CONTOH] Upah pemupukan 2 orang | H16: 200000 | J16: =IF($B16="","",MONTH($B16)) | K16: =IF($B16="","",YEAR($B16))
A17: =IF($B17="","",ROW()-9) | B17: 45919 | C17: Unit Pertanian | D17: Operasional | E17: 1.1.01.01 | F17: =IF($E17="","",IFERROR(VLOOKUP($E17,AKUN!$A$2:$B$200,2,FALSE),"Kode tidak ditemukan")) | G17: [CONTOH] Upah pemupukan 2 orang | I17: 200000 | J17: =IF($B17="","",MONTH($B17)) | K17: =IF($B17="","",YEAR($B17))
A18: =IF($B18="","",ROW()-9) | B18: 45919 | C18: Unit Pertanian | D18: Operasional | E18: 6.2.99.05 | F18: =IF($E18="","",IFERROR(VLOOKUP($E18,AKUN!$A$2:$B$200,2,FALSE),"Kode tidak ditemukan")) | G18: [CONTOH] Pembelian pupuk phonska 1 sak | H18: 75000 | J18: =IF($B18="","",MONTH($B18)) | K18: =IF($B18="","",YEAR($B18))
A19: =IF($B19="","",ROW()-9) | B19: 45919 | C19: Unit Pertanian | D19: Operasional | E19: 1.1.01.01 | F19: =IF($E19="","",IFERROR(VLOOKUP($E19,AKUN!$A$2:$B$200,2,FALSE),"Kode tidak ditemukan")) | G19: [CONTOH] Pembelian pupuk phonska 1 sak | I19: 75000 | J19: =IF($B19="","",MONTH($B19)) | K19: =IF($B19="","",YEAR($B19))
A20: =IF($B20="","",ROW()-9) | B20: 45922 | C20: Unit Pertanian | D20: Operasional | E20: 6.1.04.01 | F20: =IF($E20="","",IFERROR(VLOOKUP($E20,AKUN!$A$2:$B$200,2,FALSE),"Kode tidak ditemukan")) | G20: [CONTOH] Pembayaran listrik | H20: 150000 | J20: =IF($B20="","",MONTH($B20)) | K20: =IF($B20="","",YEAR($B20))
A21: =IF($B21="","",ROW()-9) | B21: 45922 | C21: Unit Pertanian | D21: Operasional | E21: 1.1.01.01 | F21: =IF($E21="","",IFERROR(VLOOKUP($E21,AKUN!$A$2:$B$200,2,FALSE),"Kode tidak ditemukan")) | G21: [CONTOH] Pembayaran listrik | I21: 150000 | J21: =IF($B21="","",MONTH($B21)) | K21: =IF($B21="","",YEAR($B21))
A22: =IF($B22="","",ROW()-9) | B22: 45930 | C22: Unit Pertanian | D22: Penyesuaian | E22: 6.2.99.02 | F22: =IF($E22="","",IFERROR(VLOOKUP($E22,AKUN!$A$2:$B$200,2,FALSE),"Kode tidak ditemukan")) | G22: [CONTOH] Penyesuaian beban sewa bulan berjalan | H22: 500000 | J22: =IF($B22="","",MONTH($B22)) | K22: =IF($B22="","",YEAR($B22))
A23: =IF($B23="","",ROW()-9) | B23: 45930 | C23: Unit Pertanian | D23: Penyesuaian | E23: 1.1.07.01 | F23: =IF($E23="","",IFERROR(VLOOKUP($E23,AKUN!$A$2:$B$200,2,FALSE),"Kode tidak ditemukan")) | G23: [CONTOH] Penyesuaian beban sewa bulan berjalan | I23: 500000 | J23: =IF($B23="","",MONTH($B23)) | K23: =IF($B23="","",YEAR($B23))
A24: =IF($B24="","",ROW()-9) | B24: 45930 | C24: Unit Pertanian | D24: Penyesuaian | E24: 6.1.07.03 | F24: =IF($E24="","",IFERROR(VLOOKUP($E24,AKUN!$A$2:$B$200,2,FALSE),"Kode tidak ditemukan")) | G24: [CONTOH] Penyusutan peralatan dan mesin | H24: 300000 | J24: =IF($B24="","",MONTH($B24)) | K24: =IF($B24="","",YEAR($B24))
A25: =IF($B25="","",ROW()-9) | B25: 45930 | C25: Unit Pertanian | D25: Penyesuaian | E25: 1.3.07.02 | F25: =IF($E25="","",IFERROR(VLOOKUP($E25,AKUN!$A$2:$B$200,2,FALSE),"Kode tidak ditemukan")) | G25: [CONTOH] Penyusutan peralatan dan mesin | I25: 300000 | J25: =IF($B25="","",MONTH($B25)) | K25: =IF($B25="","",YEAR($B25))
A26: =IF($B26="","",ROW()-9) | F26: =IF($E26="","",IFERROR(VLOOKUP($E26,AKUN!$A$2:$B$200,2,FALSE),"Kode tidak ditemukan")) | J26: =IF($B26="","",MONTH($B26)) | K26: =IF($B26="","",YEAR($B26))
A27: =IF($B27="","",ROW()-9) | F27: =IF($E27="","",IFERROR(VLOOKUP($E27,AKUN!$A$2:$B$200,2,FALSE),"Kode tidak ditemukan")) | J27: =IF($B27="","",MONTH($B27)) | K27: =IF($B27="","",YEAR($B27))
A28: =IF($B28="","",ROW()-9) | F28: =IF($E28="","",IFERROR(VLOOKUP($E28,AKUN!$A$2:$B$200,2,FALSE),"Kode tidak ditemukan")) | J28: =IF($B28="","",MONTH($B28)) | K28: =IF($B28="","",YEAR($B28))
A29: =IF($B29="","",ROW()-9) | F29: =IF($E29="","",IFERROR(VLOOKUP($E29,AKUN!$A$2:$B$200,2,FALSE),"Kode tidak ditemukan")) | J29: =IF($B29="","",MONTH($B29)) | K29: =IF($B29="","",YEAR($B29))
A30: =IF($B30="","",ROW()-9) | F30: =IF($E30="","",IFERROR(VLOOKUP($E30,AKUN!$A$2:$B$200,2,FALSE),"Kode tidak ditemukan")) | J30: =IF($B30="","",MONTH($B30)) | K30: =IF($B30="","",YEAR($B30))
A31: =IF($B31="","",ROW()-9) | F31: =IF($E31="","",IFERROR(VLOOKUP($E31,AKUN!$A$2:$B$200,2,FALSE),"Kode tidak ditemukan")) | J31: =IF($B31="","",MONTH($B31)) | K31: =IF($B31="","",YEAR($B31))
A32: =IF($B32="","",ROW()-9) | F32: =IF($E32="","",IFERROR(VLOOKUP($E32,AKUN!$A$2:$B$200,2,FALSE),"Kode tidak ditemukan")) | J32: =IF($B32="","",MONTH($B32)) | K32: =IF($B32="","",YEAR($B32))
A33: =IF($B33="","",ROW()-9) | F33: =IF($E33="","",IFERROR(VLOOKUP($E33,AKUN!$A$2:$B$200,2,FALSE),"Kode tidak ditemukan")) | J33: =IF($B33="","",MONTH($B33)) | K33: =IF($B33="","",YEAR($B33))
A34: =IF($B34="","",ROW()-9) | F34: =IF($E34="","",IFERROR(VLOOKUP($E34,AKUN!$A$2:$B$200,2,FALSE),"Kode tidak ditemukan")) | J34: =IF($B34="","",MONTH($B34)) | K34: =IF($B34="","",YEAR($B34))
A35: =IF($B35="","",ROW()-9) | F35: =IF($E35="","",IFERROR(VLOOKUP($E35,AKUN!$A$2:$B$200,2,FALSE),"Kode tidak ditemukan")) | J35: =IF($B35="","",MONTH($B35)) | K35: =IF($B35="","",YEAR($B35))
A36: =IF($B36="","",ROW()-9) | F36: =IF($E36="","",IFERROR(VLOOKUP($E36,AKUN!$A$2:$B$200,2,FALSE),"Kode tidak ditemukan")) | J36: =IF($B36="","",MONTH($B36)) | K36: =IF($B36="","",YEAR($B36))
A37: =IF($B37="","",ROW()-9) | F37: =IF($E37="","",IFERROR(VLOOKUP($E37,AKUN!$A$2:$B$200,2,FALSE),"Kode tidak ditemukan")) | J37: =IF($B37="","",MONTH($B37)) | K37: =IF($B37="","",YEAR($B37))
... A1000: =IF($B1000="","",ROW()-9) | F1000: =IF($E1000="","",IFERROR(VLOOKUP($E1000,AKUN!$A$2:$B$200,2,FALSE),"Kode tidak ditemukan")) | J1000: =IF($B1000="","",MONTH($B1000)) | K1000: =IF($B1000="","",YEAR($B1000))

Sheet BULANAN
B2: RINGKASAN BULANAN PER AKUN
B3: ="Tahun aktif: "&TahunSel
A6: KODE AKUN | B6: NAMA AKUN | C6: JENIS | D6: Jan | E6: Feb | F6: Mar | G6: Apr | H6: Mei | I6: Jun | J6: Jul | K6: Agu | L6: Sep | M6: Okt | N6: Nov | O6: Des | P6: TOTAL TAHUN
A7: PENDAPATAN
A8: 4.1.02.01 | B8: Pendapatan Pengelolaan Air Bersih | C8: Pendapatan | D8: =SUMIFS('TRANSAKSI'!$I$10:$I$1000,'TRANSAKSI'!$E$10:$E$1000,"4.1.02.01",'TRANSAKSI'!$J$10:$J$1000,1,'TRANSAKSI'!$K$10:$K$1000,TahunSel)-SUMIFS('TRANSAKSI'!$H$10:$H$1000,'TRANSAKSI'!$E$10:$E$1000,"4.1.02.01",'TRANSAKSI'!$J$10:$J$1000,1,'TRANSAKSI'!$K$10:$K$1000,TahunSel) | E8: =SUMIFS('TRANSAKSI'!$I$10:$I$1000,'TRANSAKSI'!$E$10:$E$1000,"4.1.02.01",'TRANSAKSI'!$J$10:$J$1000,2,'TRANSAKSI'!$K$10:$K$1000,TahunSel)-SUMIFS('TRANSAKSI'!$H$10:$H$1000,'TRANSAKSI'!$E$10:$E$1000,"4.1.02.01",'TRANSAKSI'!$J$10:$J$1000,2,'TRANSAKSI'!$K$10:$K$1000,TahunSel) | F8: =SUMIFS('TRANSAKSI'!$I$10:$I$1000,'TRANSAKSI'!$E$10:$E$1000,"4.1.02.01",'TRANSAKSI'!$J$10:$J$1000,3,'TRANSAKSI'!$K$10:$K$1000,TahunSel)-SUMIFS('TRANSAKSI'!$H$10:$H$1000,'TRANSAKSI'!$E$10:$E$1000,"4.1.02.01",'TRANSAKSI'!$J$10:$J$1000,3,'TRANSAKSI'!$K$10:$K$1000,TahunSel) | G8: =SUMIFS('TRANSAKSI'!$I$10:$I$1000,'TRANSAKSI'!$E$10:$E$1000,"4.1.02.01",'TRANSAKSI'!$J$10:$J$1000,4,'TRANSAKSI'!$K$10:$K$1000,TahunSel)-SUMIFS('TRANSAKSI'!$H$10:$H$1000,'TRANSAKSI'!$E$10:$E$1000,"4.1.02.01",'TRANSAKSI'!$J$10:$J$1000,4,'TRANSAKSI'!$K$10:$K$1000,TahunSel) | H8: =SUMIFS('TRANSAKSI'!$I$10:$I$1000,'TRANSAKSI'!$E$10:$E$1000,"4.1.02.01",'TRANSAKSI'!$J$10:$J$1000,5,'TRANSAKSI'!$K$10:$K$1000,TahunSel)-SUMIFS('TRANSAKSI'!$H$10:$H$1000,'TRANSAKSI'!$E$10:$E$1000,"4.1.02.01",'TRANSAKSI'!$J$10:$J$1000,5,'TRANSAKSI'!$K$10:$K$1000,TahunSel) | I8: =SUMIFS('TRANSAKSI'!$I$10:$I$1000,'TRANSAKSI'!$E$10:$E$1000,"4.1.02.01",'TRANSAKSI'!$J$10:$J$1000,6,'TRANSAKSI'!$K$10:$K$1000,TahunSel)-SUMIFS('TRANSAKSI'!$H$10:$H$1000,'TRANSAKSI'!$E$10:$E$1000,"4.1.02.01",'TRANSAKSI'!$J$10:$J$1000,6,'TRANSAKSI'!$K$10:$K$1000,TahunSel) | J8: =SUMIFS('TRANSAKSI'!$I$10:$I$1000,'TRANSAKSI'!$E$10:$E$1000,"4.1.02.01",'TRANSAKSI'!$J$10:$J$1000,7,'TRANSAKSI'!$K$10:$K$1000,TahunSel)-SUMIFS('TRANSAKSI'!$H$10:$H$1000,'TRANSAKSI'!$E$10:$E$1000,"4.1.02.01",'TRANSAKSI'!$J$10:$J$1000,7,'TRANSAKSI'!$K$10:$K$1000,TahunSel) | K8: =SUMIFS('TRANSAKSI'!$I$10:$I$1000,'TRANSAKSI'!$E$10:$E$1000,"4.1.02.01",'TRANSAKSI'!$J$10:$J$1000,8,'TRANSAKSI'!$K$10:$K$1000,TahunSel)-SUMIFS('TRANSAKSI'!$H$10:$H$1000,'TRANSAKSI'!$E$10:$E$1000,"4.1.02.01",'TRANSAKSI'!$J$10:$J$1000,8,'TRANSAKSI'!$K$10:$K$1000,TahunSel) | L8: =SUMIFS('TRANSAKSI'!$I$10:$I$1000,'TRANSAKSI'!$E$10:$E$1000,"4.1.02.01",'TRANSAKSI'!$J$10:$J$1000,9,'TRANSAKSI'!$K$10:$K$1000,TahunSel)-SUMIFS('TRANSAKSI'!$H$10:$H$1000,'TRANSAKSI'!$E$10:$E$1000,"4.1.02.01",'TRANSAKSI'!$J$10:$J$1000,9,'TRANSAKSI'!$K$10:$K$1000,TahunSel) | M8: =SUMIFS('TRANSAKSI'!$I$10:$I$1000,'TRANSAKSI'!$E$10:$E$1000,"4.1.02.01",'TRANSAKSI'!$J$10:$J$1000,10,'TRANSAKSI'!$K$10:$K$1000,TahunSel)-SUMIFS('TRANSAKSI'!$H$10:$H$1000,'TRANSAKSI'!$E$10:$E$1000,"4.1.02.01",'TRANSAKSI'!$J$10:$J$1000,10,'TRANSAKSI'!$K$10:$K$1000,TahunSel) | N8: =SUMIFS('TRANSAKSI'!$I$10:$I$1000,'TRANSAKSI'!$E$10:$E$1000,"4.1.02.01",'TRANSAKSI'!$J$10:$J$1000,11,'TRANSAKSI'!$K$10:$K$1000,TahunSel)-SUMIFS('TRANSAKSI'!$H$10:$H$1000,'TRANSAKSI'!$E$10:$E$1000,"4.1.02.01",'TRANSAKSI'!$J$10:$J$1000,11,'TRANSAKSI'!$K$10:$K$1000,TahunSel) | O8: =SUMIFS('TRANSAKSI'!$I$10:$I$1000,'TRANSAKSI'!$E$10:$E$1000,"4.1.02.01",'TRANSAKSI'!$J$10:$J$1000,12,'TRANSAKSI'!$K$10:$K$1000,TahunSel)-SUMIFS('TRANSAKSI'!$H$10:$H$1000,'TRANSAKSI'!$E$10:$E$1000,"4.1.02.01",'TRANSAKSI'!$J$10:$J$1000,12,'TRANSAKSI'!$K$10:$K$1000,TahunSel) | P8: =SUM(D8:O8)
A9: 4.1.03.01 | B9: Pendapatan Pengelolaan Sampah | C9: Pendapatan | D9: =SUMIFS('TRANSAKSI'!$I$10:$I$1000,'TRANSAKSI'!$E$10:$E$1000,"4.1.03.01",'TRANSAKSI'!$J$10:$J$1000,1,'TRANSAKSI'!$K$10:$K$1000,TahunSel)-SUMIFS('TRANSAKSI'!$H$10:$H$1000,'TRANSAKSI'!$E$10:$E$1000,"4.1.03.01",'TRANSAKSI'!$J$10:$J$1000,1,'TRANSAKSI'!$K$10:$K$1000,TahunSel) | E9: =SUMIFS('TRANSAKSI'!$I$10:$I$1000,'TRANSAKSI'!$E$10:$E$1000,"4.1.03.01",'TRANSAKSI'!$J$10:$J$1000,2,'TRANSAKSI'!$K$10:$K$1000,TahunSel)-SUMIFS('TRANSAKSI'!$H$10:$H$1000,'TRANSAKSI'!$E$10:$E$1000,"4.1.03.01",'TRANSAKSI'!$J$10:$J$1000,2,'TRANSAKSI'!$K$10:$K$1000,TahunSel) | F9: =SUMIFS('TRANSAKSI'!$I$10:$I$1000,'TRANSAKSI'!$E$10:$E$1000,"4.1.03.01",'TRANSAKSI'!$J$10:$J$1000,3,'TRANSAKSI'!$K$10:$K$1000,TahunSel)-SUMIFS('TRANSAKSI'!$H$10:$H$1000,'TRANSAKSI'!$E$10:$E$1000,"4.1.03.01",'TRANSAKSI'!$J$10:$J$1000,3,'TRANSAKSI'!$K$10:$K$1000,TahunSel) | G9: =SUMIFS('TRANSAKSI'!$I$10:$I$1000,'TRANSAKSI'!$E$10:$E$1000,"4.1.03.01",'TRANSAKSI'!$J$10:$J$1000,4,'TRANSAKSI'!$K$10:$K$1000,TahunSel)-SUMIFS('TRANSAKSI'!$H$10:$H$1000,'TRANSAKSI'!$E$10:$E$1000,"4.1.03.01",'TRANSAKSI'!$J$10:$J$1000,4,'TRANSAKSI'!$K$10:$K$1000,TahunSel) | H9: =SUMIFS('TRANSAKSI'!$I$10:$I$1000,'TRANSAKSI'!$E$10:$E$1000,"4.1.03.01",'TRANSAKSI'!$J$10:$J$1000,5,'TRANSAKSI'!$K$10:$K$1000,TahunSel)-SUMIFS('TRANSAKSI'!$H$10:$H$1000,'TRANSAKSI'!$E$10:$E$1000,"4.1.03.01",'TRANSAKSI'!$J$10:$J$1000,5,'TRANSAKSI'!$K$10:$K$1000,TahunSel) | I9: =SUMIFS('TRANSAKSI'!$I$10:$I$1000,'TRANSAKSI'!$E$10:$E$1000,"4.1.03.01",'TRANSAKSI'!$J$10:$J$1000,6,'TRANSAKSI'!$K$10:$K$1000,TahunSel)-SUMIFS('TRANSAKSI'!$H$10:$H$1000,'TRANSAKSI'!$E$10:$E$1000,"4.1.03.01",'TRANSAKSI'!$J$10:$J$1000,6,'TRANSAKSI'!$K$10:$K$1000,TahunSel) | J9: =SUMIFS('TRANSAKSI'!$I$10:$I$1000,'TRANSAKSI'!$E$10:$E$1000,"4.1.03.01",'TRANSAKSI'!$J$10:$J$1000,7,'TRANSAKSI'!$K$10:$K$1000,TahunSel)-SUMIFS('TRANSAKSI'!$H$10:$H$1000,'TRANSAKSI'!$E$10:$E$1000,"4.1.03.01",'TRANSAKSI'!$J$10:$J$1000,7,'TRANSAKSI'!$K$10:$K$1000,TahunSel) | K9: =SUMIFS('TRANSAKSI'!$I$10:$I$1000,'TRANSAKSI'!$E$10:$E$1000,"4.1.03.01",'TRANSAKSI'!$J$10:$J$1000,8,'TRANSAKSI'!$K$10:$K$1000,TahunSel)-SUMIFS('TRANSAKSI'!$H$10:$H$1000,'TRANSAKSI'!$E$10:$E$1000,"4.1.03.01",'TRANSAKSI'!$J$10:$J$1000,8,'TRANSAKSI'!$K$10:$K$1000,TahunSel) | L9: =SUMIFS('TRANSAKSI'!$I$10:$I$1000,'TRANSAKSI'!$E$10:$E$1000,"4.1.03.01",'TRANSAKSI'!$J$10:$J$1000,9,'TRANSAKSI'!$K$10:$K$1000,TahunSel)-SUMIFS('TRANSAKSI'!$H$10:$H$1000,'TRANSAKSI'!$E$10:$E$1000,"4.1.03.01",'TRANSAKSI'!$J$10:$J$1000,9,'TRANSAKSI'!$K$10:$K$1000,TahunSel) | M9: =SUMIFS('TRANSAKSI'!$I$10:$I$1000,'TRANSAKSI'!$E$10:$E$1000,"4.1.03.01",'TRANSAKSI'!$J$10:$J$1000,10,'TRANSAKSI'!$K$10:$K$1000,TahunSel)-SUMIFS('TRANSAKSI'!$H$10:$H$1000,'TRANSAKSI'!$E$10:$E$1000,"4.1.03.01",'TRANSAKSI'!$J$10:$J$1000,10,'TRANSAKSI'!$K$10:$K$1000,TahunSel) | N9: =SUMIFS('TRANSAKSI'!$I$10:$I$1000,'TRANSAKSI'!$E$10:$E$1000,"4.1.03.01",'TRANSAKSI'!$J$10:$J$1000,11,'TRANSAKSI'!$K$10:$K$1000,TahunSel)-SUMIFS('TRANSAKSI'!$H$10:$H$1000,'TRANSAKSI'!$E$10:$E$1000,"4.1.03.01",'TRANSAKSI'!$J$10:$J$1000,11,'TRANSAKSI'!$K$10:$K$1000,TahunSel) | O9: =SUMIFS('TRANSAKSI'!$I$10:$I$1000,'TRANSAKSI'!$E$10:$E$1000,"4.1.03.01",'TRANSAKSI'!$J$10:$J$1000,12,'TRANSAKSI'!$K$10:$K$1000,TahunSel)-SUMIFS('TRANSAKSI'!$H$10:$H$1000,'TRANSAKSI'!$E$10:$E$1000,"4.1.03.01",'TRANSAKSI'!$J$10:$J$1000,12,'TRANSAKSI'!$K$10:$K$1000,TahunSel) | P9: =SUM(D9:O9)
A10: 4.1.04.02 | B10: Pendapatan Sewa Toko dan Kios | C10: Pendapatan | D10: =SUMIFS('TRANSAKSI'!$I$10:$I$1000,'TRANSAKSI'!$E$10:$E$1000,"4.1.04.02",'TRANSAKSI'!$J$10:$J$1000,1,'TRANSAKSI'!$K$10:$K$1000,TahunSel)-SUMIFS('TRANSAKSI'!$H$10:$H$1000,'TRANSAKSI'!$E$10:$E$1000,"4.1.04.02",'TRANSAKSI'!$J$10:$J$1000,1,'TRANSAKSI'!$K$10:$K$1000,TahunSel) | E10: =SUMIFS('TRANSAKSI'!$I$10:$I$1000,'TRANSAKSI'!$E$10:$E$1000,"4.1.04.02",'TRANSAKSI'!$J$10:$J$1000,2,'TRANSAKSI'!$K$10:$K$1000,TahunSel)-SUMIFS('TRANSAKSI'!$H$10:$H$1000,'TRANSAKSI'!$E$10:$E$1000,"4.1.04.02",'TRANSAKSI'!$J$10:$J$1000,2,'TRANSAKSI'!$K$10:$K$1000,TahunSel) | F10: =SUMIFS('TRANSAKSI'!$I$10:$I$1000,'TRANSAKSI'!$E$10:$E$1000,"4.1.04.02",'TRANSAKSI'!$J$10:$J$1000,3,'TRANSAKSI'!$K$10:$K$1000,TahunSel)-SUMIFS('TRANSAKSI'!$H$10:$H$1000,'TRANSAKSI'!$E$10:$E$1000,"4.1.04.02",'TRANSAKSI'!$J$10:$J$1000,3,'TRANSAKSI'!$K$10:$K$1000,TahunSel) | G10: =SUMIFS('TRANSAKSI'!$I$10:$I$1000,'TRANSAKSI'!$E$10:$E$1000,"4.1.04.02",'TRANSAKSI'!$J$10:$J$1000,4,'TRANSAKSI'!$K$10:$K$1000,TahunSel)-SUMIFS('TRANSAKSI'!$H$10:$H$1000,'TRANSAKSI'!$E$10:$E$1000,"4.1.04.02",'TRANSAKSI'!$J$10:$J$1000,4,'TRANSAKSI'!$K$10:$K$1000,TahunSel) | H10: =SUMIFS('TRANSAKSI'!$I$10:$I$1000,'TRANSAKSI'!$E$10:$E$1000,"4.1.04.02",'TRANSAKSI'!$J$10:$J$1000,5,'TRANSAKSI'!$K$10:$K$1000,TahunSel)-SUMIFS('TRANSAKSI'!$H$10:$H$1000,'TRANSAKSI'!$E$10:$E$1000,"4.1.04.02",'TRANSAKSI'!$J$10:$J$1000,5,'TRANSAKSI'!$K$10:$K$1000,TahunSel) | I10: =SUMIFS('TRANSAKSI'!$I$10:$I$1000,'TRANSAKSI'!$E$10:$E$1000,"4.1.04.02",'TRANSAKSI'!$J$10:$J$1000,6,'TRANSAKSI'!$K$10:$K$1000,TahunSel)-SUMIFS('TRANSAKSI'!$H$10:$H$1000,'TRANSAKSI'!$E$10:$E$1000,"4.1.04.02",'TRANSAKSI'!$J$10:$J$1000,6,'TRANSAKSI'!$K$10:$K$1000,TahunSel) | J10: =SUMIFS('TRANSAKSI'!$I$10:$I$1000,'TRANSAKSI'!$E$10:$E$1000,"4.1.04.02",'TRANSAKSI'!$J$10:$J$1000,7,'TRANSAKSI'!$K$10:$K$1000,TahunSel)-SUMIFS('TRANSAKSI'!$H$10:$H$1000,'TRANSAKSI'!$E$10:$E$1000,"4.1.04.02",'TRANSAKSI'!$J$10:$J$1000,7,'TRANSAKSI'!$K$10:$K$1000,TahunSel) | K10: =SUMIFS('TRANSAKSI'!$I$10:$I$1000,'TRANSAKSI'!$E$10:$E$1000,"4.1.04.02",'TRANSAKSI'!$J$10:$J$1000,8,'TRANSAKSI'!$K$10:$K$1000,TahunSel)-SUMIFS('TRANSAKSI'!$H$10:$H$1000,'TRANSAKSI'!$E$10:$E$1000,"4.1.04.02",'TRANSAKSI'!$J$10:$J$1000,8,'TRANSAKSI'!$K$10:$K$1000,TahunSel) | L10: =SUMIFS('TRANSAKSI'!$I$10:$I$1000,'TRANSAKSI'!$E$10:$E$1000,"4.1.04.02",'TRANSAKSI'!$J$10:$J$1000,9,'TRANSAKSI'!$K$10:$K$1000,TahunSel)-SUMIFS('TRANSAKSI'!$H$10:$H$1000,'TRANSAKSI'!$E$10:$E$1000,"4.1.04.02",'TRANSAKSI'!$J$10:$J$1000,9,'TRANSAKSI'!$K$10:$K$1000,TahunSel) | M10: =SUMIFS('TRANSAKSI'!$I$10:$I$1000,'TRANSAKSI'!$E$10:$E$1000,"4.1.04.02",'TRANSAKSI'!$J$10:$J$1000,10,'TRANSAKSI'!$K$10:$K$1000,TahunSel)-SUMIFS('TRANSAKSI'!$H$10:$H$1000,'TRANSAKSI'!$E$10:$E$1000,"4.1.04.02",'TRANSAKSI'!$J$10:$J$1000,10,'TRANSAKSI'!$K$10:$K$1000,TahunSel) | N10: =SUMIFS('TRANSAKSI'!$I$10:$I$1000,'TRANSAKSI'!$E$10:$E$1000,"4.1.04.02",'TRANSAKSI'!$J$10:$J$1000,11,'TRANSAKSI'!$K$10:$K$1000,TahunSel)-SUMIFS('TRANSAKSI'!$H$10:$H$1000,'TRANSAKSI'!$E$10:$E$1000,"4.1.04.02",'TRANSAKSI'!$J$10:$J$1000,11,'TRANSAKSI'!$K$10:$K$1000,TahunSel) | O10: =SUMIFS('TRANSAKSI'!$I$10:$I$1000,'TRANSAKSI'!$E$10:$E$1000,"4.1.04.02",'TRANSAKSI'!$J$10:$J$1000,12,'TRANSAKSI'!$K$10:$K$1000,TahunSel)-SUMIFS('TRANSAKSI'!$H$10:$H$1000,'TRANSAKSI'!$E$10:$E$1000,"4.1.04.02",'TRANSAKSI'!$J$10:$J$1000,12,'TRANSAKSI'!$K$10:$K$1000,TahunSel) | P10: =SUM(D10:O10)
A11: 4.1.04.03 | B11: Pendapatan Sewa Gedung | C11: Pendapatan | D11: =SUMIFS('TRANSAKSI'!$I$10:$I$1000,'TRANSAKSI'!$E$10:$E$1000,"4.1.04.03",'TRANSAKSI'!$J$10:$J$1000,1,'TRANSAKSI'!$K$10:$K$1000,TahunSel)-SUMIFS('TRANSAKSI'!$H$10:$H$1000,'TRANSAKSI'!$E$10:$E$1000,"4.1.04.03",'TRANSAKSI'!$J$10:$J$1000,1,'TRANSAKSI'!$K$10:$K$1000,TahunSel) | E11: =SUMIFS('TRANSAKSI'!$I$10:$I$1000,'TRANSAKSI'!$E$10:$E$1000,"4.1.04.03",'TRANSAKSI'!$J$10:$J$1000,2,'TRANSAKSI'!$K$10:$K$1000,TahunSel)-SUMIFS('TRANSAKSI'!$H$10:$H$1000,'TRANSAKSI'!$E$10:$E$1000,"4.1.04.03",'TRANSAKSI'!$J$10:$J$1000,2,'TRANSAKSI'!$K$10:$K$1000,TahunSel) | F11: =SUMIFS('TRANSAKSI'!$I$10:$I$1000,'TRANSAKSI'!$E$10:$E$1000,"4.1.04.03",'TRANSAKSI'!$J$10:$J$1000,3,'TRANSAKSI'!$K$10:$K$1000,TahunSel)-SUMIFS('TRANSAKSI'!$H$10:$H$1000,'TRANSAKSI'!$E$10:$E$1000,"4.1.04.03",'TRANSAKSI'!$J$10:$J$1000,3,'TRANSAKSI'!$K$10:$K$1000,TahunSel) | G11: =SUMIFS('TRANSAKSI'!$I$10:$I$1000,'TRANSAKSI'!$E$10:$E$1000,"4.1.04.03",'TRANSAKSI'!$J$10:$J$1000,4,'TRANSAKSI'!$K$10:$K$1000,TahunSel)-SUMIFS('TRANSAKSI'!$H$10:$H$1000,'TRANSAKSI'!$E$10:$E$1000,"4.1.04.03",'TRANSAKSI'!$J$10:$J$1000,4,'TRANSAKSI'!$K$10:$K$1000,TahunSel) | H11: =SUMIFS('TRANSAKSI'!$I$10:$I$1000,'TRANSAKSI'!$E$10:$E$1000,"4.1.04.03",'TRANSAKSI'!$J$10:$J$1000,5,'TRANSAKSI'!$K$10:$K$1000,TahunSel)-SUMIFS('TRANSAKSI'!$H$10:$H$1000,'TRANSAKSI'!$E$10:$E$1000,"4.1.04.03",'TRANSAKSI'!$J$10:$J$1000,5,'TRANSAKSI'!$K$10:$K$1000,TahunSel) | I11: =SUMIFS('TRANSAKSI'!$I$10:$I$1000,'TRANSAKSI'!$E$10:$E$1000,"4.1.04.03",'TRANSAKSI'!$J$10:$J$1000,6,'TRANSAKSI'!$K$10:$K$1000,TahunSel)-SUMIFS('TRANSAKSI'!$H$10:$H$1000,'TRANSAKSI'!$E$10:$E$1000,"4.1.04.03",'TRANSAKSI'!$J$10:$J$1000,6,'TRANSAKSI'!$K$10:$K$1000,TahunSel) | J11: =SUMIFS('TRANSAKSI'!$I$10:$I$1000,'TRANSAKSI'!$E$10:$E$1000,"4.1.04.03",'TRANSAKSI'!$J$10:$J$1000,7,'TRANSAKSI'!$K$10:$K$1000,TahunSel)-SUMIFS('TRANSAKSI'!$H$10:$H$1000,'TRANSAKSI'!$E$10:$E$1000,"4.1.04.03",'TRANSAKSI'!$J$10:$J$1000,7,'TRANSAKSI'!$K$10:$K$1000,TahunSel) | K11: =SUMIFS('TRANSAKSI'!$I$10:$I$1000,'TRANSAKSI'!$E$10:$E$1000,"4.1.04.03",'TRANSAKSI'!$J$10:$J$1000,8,'TRANSAKSI'!$K$10:$K$1000,TahunSel)-SUMIFS('TRANSAKSI'!$H$10:$H$1000,'TRANSAKSI'!$E$10:$E$1000,"4.1.04.03",'TRANSAKSI'!$J$10:$J$1000,8,'TRANSAKSI'!$K$10:$K$1000,TahunSel) | L11: =SUMIFS('TRANSAKSI'!$I$10:$I$1000,'TRANSAKSI'!$E$10:$E$1000,"4.1.04.03",'TRANSAKSI'!$J$10:$J$1000,9,'TRANSAKSI'!$K$10:$K$1000,TahunSel)-SUMIFS('TRANSAKSI'!$H$10:$H$1000,'TRANSAKSI'!$E$10:$E$1000,"4.1.04.03",'TRANSAKSI'!$J$10:$J$1000,9,'TRANSAKSI'!$K$10:$K$1000,TahunSel) | M11: =SUMIFS('TRANSAKSI'!$I$10:$I$1000,'TRANSAKSI'!$E$10:$E$1000,"4.1.04.03",'TRANSAKSI'!$J$10:$J$1000,10,'TRANSAKSI'!$K$10:$K$1000,TahunSel)-SUMIFS('TRANSAKSI'!$H$10:$H$1000,'TRANSAKSI'!$E$10:$E$1000,"4.1.04.03",'TRANSAKSI'!$J$10:$J$1000,10,'TRANSAKSI'!$K$10:$K$1000,TahunSel) | N11: =SUMIFS('TRANSAKSI'!$I$10:$I$1000,'TRANSAKSI'!$E$10:$E$1000,"4.1.04.03",'TRANSAKSI'!$J$10:$J$1000,11,'TRANSAKSI'!$K$10:$K$1000,TahunSel)-SUMIFS('TRANSAKSI'!$H$10:$H$1000,'TRANSAKSI'!$E$10:$E$1000,"4.1.04.03",'TRANSAKSI'!$J$10:$J$1000,11,'TRANSAKSI'!$K$10:$K$1000,TahunSel) | O11: =SUMIFS('TRANSAKSI'!$I$10:$I$1000,'TRANSAKSI'!$E$10:$E$1000,"4.1.04.03",'TRANSAKSI'!$J$10:$J$1000,12,'TRANSAKSI'!$K$10:$K$1000,TahunSel)-SUMIFS('TRANSAKSI'!$H$10:$H$1000,'TRANSAKSI'!$E$10:$E$1000,"4.1.04.03",'TRANSAKSI'!$J$10:$J$1000,12,'TRANSAKSI'!$K$10:$K$1000,TahunSel) | P11: =SUM(D11:O11)
A12: 4.1.04.06 | B12: Pendapatan Sewa Jaring | C12: Pendapatan | D12: =SUMIFS('TRANSAKSI'!$I$10:$I$1000,'TRANSAKSI'!$E$10:$E$1000,"4.1.04.06",'TRANSAKSI'!$J$10:$J$1000,1,'TRANSAKSI'!$K$10:$K$1000,TahunSel)-SUMIFS('TRANSAKSI'!$H$10:$H$1000,'TRANSAKSI'!$E$10:$E$1000,"4.1.04.06",'TRANSAKSI'!$J$10:$J$1000,1,'TRANSAKSI'!$K$10:$K$1000,TahunSel) | E12: =SUMIFS('TRANSAKSI'!$I$10:$I$1000,'TRANSAKSI'!$E$10:$E$1000,"4.1.04.06",'TRANSAKSI'!$J$10:$J$1000,2,'TRANSAKSI'!$K$10:$K$1000,TahunSel)-SUMIFS('TRANSAKSI'!$H$10:$H$1000,'TRANSAKSI'!$E$10:$E$1000,"4.1.04.06",'TRANSAKSI'!$J$10:$J$1000,2,'TRANSAKSI'!$K$10:$K$1000,TahunSel) | F12: =SUMIFS('TRANSAKSI'!$I$10:$I$1000,'TRANSAKSI'!$E$10:$E$1000,"4.1.04.06",'TRANSAKSI'!$J$10:$J$1000,3,'TRANSAKSI'!$K$10:$K$1000,TahunSel)-SUMIFS('TRANSAKSI'!$H$10:$H$1000,'TRANSAKSI'!$E$10:$E$1000,"4.1.04.06",'TRANSAKSI'!$J$10:$J$1000,3,'TRANSAKSI'!$K$10:$K$1000,TahunSel) | G12: =SUMIFS('TRANSAKSI'!$I$10:$I$1000,'TRANSAKSI'!$E$10:$E$1000,"4.1.04.06",'TRANSAKSI'!$J$10:$J$1000,4,'TRANSAKSI'!$K$10:$K$1000,TahunSel)-SUMIFS('TRANSAKSI'!$H$10:$H$1000,'TRANSAKSI'!$E$10:$E$1000,"4.1.04.06",'TRANSAKSI'!$J$10:$J$1000,4,'TRANSAKSI'!$K$10:$K$1000,TahunSel) | H12: =SUMIFS('TRANSAKSI'!$I$10:$I$1000,'TRANSAKSI'!$E$10:$E$1000,"4.1.04.06",'TRANSAKSI'!$J$10:$J$1000,5,'TRANSAKSI'!$K$10:$K$1000,TahunSel)-SUMIFS('TRANSAKSI'!$H$10:$H$1000,'TRANSAKSI'!$E$10:$E$1000,"4.1.04.06",'TRANSAKSI'!$J$10:$J$1000,5,'TRANSAKSI'!$K$10:$K$1000,TahunSel) | I12: =SUMIFS('TRANSAKSI'!$I$10:$I$1000,'TRANSAKSI'!$E$10:$E$1000,"4.1.04.06",'TRANSAKSI'!$J$10:$J$1000,6,'TRANSAKSI'!$K$10:$K$1000,TahunSel)-SUMIFS('TRANSAKSI'!$H$10:$H$1000,'TRANSAKSI'!$E$10:$E$1000,"4.1.04.06",'TRANSAKSI'!$J$10:$J$1000,6,'TRANSAKSI'!$K$10:$K$1000,TahunSel) | J12: =SUMIFS('TRANSAKSI'!$I$10:$I$1000,'TRANSAKSI'!$E$10:$E$1000,"4.1.04.06",'TRANSAKSI'!$J$10:$J$1000,7,'TRANSAKSI'!$K$10:$K$1000,TahunSel)-SUMIFS('TRANSAKSI'!$H$10:$H$1000,'TRANSAKSI'!$E$10:$E$1000,"4.1.04.06",'TRANSAKSI'!$J$10:$J$1000,7,'TRANSAKSI'!$K$10:$K$1000,TahunSel) | K12: =SUMIFS('TRANSAKSI'!$I$10:$I$1000,'TRANSAKSI'!$E$10:$E$1000,"4.1.04.06",'TRANSAKSI'!$J$10:$J$1000,8,'TRANSAKSI'!$K$10:$K$1000,TahunSel)-SUMIFS('TRANSAKSI'!$H$10:$H$1000,'TRANSAKSI'!$E$10:$E$1000,"4.1.04.06",'TRANSAKSI'!$J$10:$J$1000,8,'TRANSAKSI'!$K$10:$K$1000,TahunSel) | L12: =SUMIFS('TRANSAKSI'!$I$10:$I$1000,'TRANSAKSI'!$E$10:$E$1000,"4.1.04.06",'TRANSAKSI'!$J$10:$J$1000,9,'TRANSAKSI'!$K$10:$K$1000,TahunSel)-SUMIFS('TRANSAKSI'!$H$10:$H$1000,'TRANSAKSI'!$E$10:$E$1000,"4.1.04.06",'TRANSAKSI'!$J$10:$J$1000,9,'TRANSAKSI'!$K$10:$K$1000,TahunSel) | M12: =SUMIFS('TRANSAKSI'!$I$10:$I$1000,'TRANSAKSI'!$E$10:$E$1000,"4.1.04.06",'TRANSAKSI'!$J$10:$J$1000,10,'TRANSAKSI'!$K$10:$K$1000,TahunSel)-SUMIFS('TRANSAKSI'!$H$10:$H$1000,'TRANSAKSI'!$E$10:$E$1000,"4.1.04.06",'TRANSAKSI'!$J$10:$J$1000,10,'TRANSAKSI'!$K$10:$K$1000,TahunSel) | N12: =SUMIFS('TRANSAKSI'!$I$10:$I$1000,'TRANSAKSI'!$E$10:$E$1000,"4.1.04.06",'TRANSAKSI'!$J$10:$J$1000,11,'TRANSAKSI'!$K$10:$K$1000,TahunSel)-SUMIFS('TRANSAKSI'!$H$10:$H$1000,'TRANSAKSI'!$E$10:$E$1000,"4.1.04.06",'TRANSAKSI'!$J$10:$J$1000,11,'TRANSAKSI'!$K$10:$K$1000,TahunSel) | O12: =SUMIFS('TRANSAKSI'!$I$10:$I$1000,'TRANSAKSI'!$E$10:$E$1000,"4.1.04.06",'TRANSAKSI'!$J$10:$J$1000,12,'TRANSAKSI'!$K$10:$K$1000,TahunSel)-SUMIFS('TRANSAKSI'!$H$10:$H$1000,'TRANSAKSI'!$E$10:$E$1000,"4.1.04.06",'TRANSAKSI'!$J$10:$J$1000,12,'TRANSAKSI'!$K$10:$K$1000,TahunSel) | P12: =SUM(D12:O12)
A13: 4.1.05.01 | B13: Pendapatan Jasa Bayar Listrik | C13: Pendapatan | D13: =SUMIFS('TRANSAKSI'!$I$10:$I$1000,'TRANSAKSI'!$E$10:$E$1000,"4.1.05.01",'TRANSAKSI'!$J$10:$J$1000,1,'TRANSAKSI'!$K$10:$K$1000,TahunSel)-SUMIFS('TRANSAKSI'!$H$10:$H$1000,'TRANSAKSI'!$E$10:$E$1000,"4.1.05.01",'TRANSAKSI'!$J$10:$J$1000,1,'TRANSAKSI'!$K$10:$K$1000,TahunSel) | E13: =SUMIFS('TRANSAKSI'!$I$10:$I$1000,'TRANSAKSI'!$E$10:$E$1000,"4.1.05.01",'TRANSAKSI'!$J$10:$J$1000,2,'TRANSAKSI'!$K$10:$K$1000,TahunSel)-SUMIFS('TRANSAKSI'!$H$10:$H$1000,'TRANSAKSI'!$E$10:$E$1000,"4.1.05.01",'TRANSAKSI'!$J$10:$J$1000,2,'TRANSAKSI'!$K$10:$K$1000,TahunSel) | F13: =SUMIFS('TRANSAKSI'!$I$10:$I$1000,'TRANSAKSI'!$E$10:$E$1000,"4.1.05.01",'TRANSAKSI'!$J$10:$J$1000,3,'TRANSAKSI'!$K$10:$K$1000,TahunSel)-SUMIFS('TRANSAKSI'!$H$10:$H$1000,'TRANSAKSI'!$E$10:$E$1000,"4.1.05.01",'TRANSAKSI'!$J$10:$J$1000,3,'TRANSAKSI'!$K$10:$K$1000,TahunSel) | G13: =SUMIFS('TRANSAKSI'!$I$10:$I$1000,'TRANSAKSI'!$E$10:$E$1000,"4.1.05.01",'TRANSAKSI'!$J$10:$J$1000,4,'TRANSAKSI'!$K$10:$K$1000,TahunSel)-SUMIFS('TRANSAKSI'!$H$10:$H$1000,'TRANSAKSI'!$E$10:$E$1000,"4.1.05.01",'TRANSAKSI'!$J$10:$J$1000,4,'TRANSAKSI'!$K$10:$K$1000,TahunSel) | H13: =SUMIFS('TRANSAKSI'!$I$10:$I$1000,'TRANSAKSI'!$E$10:$E$1000,"4.1.05.01",'TRANSAKSI'!$J$10:$J$1000,5,'TRANSAKSI'!$K$10:$K$1000,TahunSel)-SUMIFS('TRANSAKSI'!$H$10:$H$1000,'TRANSAKSI'!$E$10:$E$1000,"4.1.05.01",'TRANSAKSI'!$J$10:$J$1000,5,'TRANSAKSI'!$K$10:$K$1000,TahunSel) | I13: =SUMIFS('TRANSAKSI'!$I$10:$I$1000,'TRANSAKSI'!$E$10:$E$1000,"4.1.05.01",'TRANSAKSI'!$J$10:$J$1000,6,'TRANSAKSI'!$K$10:$K$1000,TahunSel)-SUMIFS('TRANSAKSI'!$H$10:$H$1000,'TRANSAKSI'!$E$10:$E$1000,"4.1.05.01",'TRANSAKSI'!$J$10:$J$1000,6,'TRANSAKSI'!$K$10:$K$1000,TahunSel) | J13: =SUMIFS('TRANSAKSI'!$I$10:$I$1000,'TRANSAKSI'!$E$10:$E$1000,"4.1.05.01",'TRANSAKSI'!$J$10:$J$1000,7,'TRANSAKSI'!$K$10:$K$1000,TahunSel)-SUMIFS('TRANSAKSI'!$H$10:$H$1000,'TRANSAKSI'!$E$10:$E$1000,"4.1.05.01",'TRANSAKSI'!$J$10:$J$1000,7,'TRANSAKSI'!$K$10:$K$1000,TahunSel) | K13: =SUMIFS('TRANSAKSI'!$I$10:$I$1000,'TRANSAKSI'!$E$10:$E$1000,"4.1.05.01",'TRANSAKSI'!$J$10:$J$1000,8,'TRANSAKSI'!$K$10:$K$1000,TahunSel)-SUMIFS('TRANSAKSI'!$H$10:$H$1000,'TRANSAKSI'!$E$10:$E$1000,"4.1.05.01",'TRANSAKSI'!$J$10:$J$1000,8,'TRANSAKSI'!$K$10:$K$1000,TahunSel) | L13: =SUMIFS('TRANSAKSI'!$I$10:$I$1000,'TRANSAKSI'!$E$10:$E$1000,"4.1.05.01",'TRANSAKSI'!$J$10:$J$1000,9,'TRANSAKSI'!$K$10:$K$1000,TahunSel)-SUMIFS('TRANSAKSI'!$H$10:$H$1000,'TRANSAKSI'!$E$10:$E$1000,"4.1.05.01",'TRANSAKSI'!$J$10:$J$1000,9,'TRANSAKSI'!$K$10:$K$1000,TahunSel) | M13: =SUMIFS('TRANSAKSI'!$I$10:$I$1000,'TRANSAKSI'!$E$10:$E$1000,"4.1.05.01",'TRANSAKSI'!$J$10:$J$1000,10,'TRANSAKSI'!$K$10:$K$1000,TahunSel)-SUMIFS('TRANSAKSI'!$H$10:$H$1000,'TRANSAKSI'!$E$10:$E$1000,"4.1.05.01",'TRANSAKSI'!$J$10:$J$1000,10,'TRANSAKSI'!$K$10:$K$1000,TahunSel) | N13: =SUMIFS('TRANSAKSI'!$I$10:$I$1000,'TRANSAKSI'!$E$10:$E$1000,"4.1.05.01",'TRANSAKSI'!$J$10:$J$1000,11,'TRANSAKSI'!$K$10:$K$1000,TahunSel)-SUMIFS('TRANSAKSI'!$H$10:$H$1000,'TRANSAKSI'!$E$10:$E$1000,"4.1.05.01",'TRANSAKSI'!$J$10:$J$1000,11,'TRANSAKSI'!$K$10:$K$1000,TahunSel) | O13: =SUMIFS('TRANSAKSI'!$I$10:$I$1000,'TRANSAKSI'!$E$10:$E$1000,"4.1.05.01",'TRANSAKSI'!$J$10:$J$1000,12,'TRANSAKSI'!$K$10:$K$1000,TahunSel)-SUMIFS('TRANSAKSI'!$H$10:$H$1000,'TRANSAKSI'!$E$10:$E$1000,"4.1.05.01",'TRANSAKSI'!$J$10:$J$1000,12,'TRANSAKSI'!$K$10:$K$1000,TahunSel) | P13: =SUM(D13:O13)
A14: 4.1.05.03 | B14: Pendapatan Jasa Bayar BPJS | C14: Pendapatan | D14: =SUMIFS('TRANSAKSI'!$I$10:$I$1000,'TRANSAKSI'!$E$10:$E$1000,"4.1.05.03",'TRANSAKSI'!$J$10:$J$1000,1,'TRANSAKSI'!$K$10:$K$1000,TahunSel)-SUMIFS('TRANSAKSI'!$H$10:$H$1000,'TRANSAKSI'!$E$10:$E$1000,"4.1.05.03",'TRANSAKSI'!$J$10:$J$1000,1,'TRANSAKSI'!$K$10:$K$1000,TahunSel) | E14: =SUMIFS('TRANSAKSI'!$I$10:$I$1000,'TRANSAKSI'!$E$10:$E$1000,"4.1.05.03",'TRANSAKSI'!$J$10:$J$1000,2,'TRANSAKSI'!$K$10:$K$1000,TahunSel)-SUMIFS('TRANSAKSI'!$H$10:$H$1000,'TRANSAKSI'!$E$10:$E$1000,"4.1.05.03",'TRANSAKSI'!$J$10:$J$1000,2,'TRANSAKSI'!$K$10:$K$1000,TahunSel) | F14: =SUMIFS('TRANSAKSI'!$I$10:$I$1000,'TRANSAKSI'!$E$10:$E$1000,"4.1.05.03",'TRANSAKSI'!$J$10:$J$1000,3,'TRANSAKSI'!$K$10:$K$1000,TahunSel)-SUMIFS('TRANSAKSI'!$H$10:$H$1000,'TRANSAKSI'!$E$10:$E$1000,"4.1.05.03",'TRANSAKSI'!$J$10:$J$1000,3,'TRANSAKSI'!$K$10:$K$1000,TahunSel) | G14: =SUMIFS('TRANSAKSI'!$I$10:$I$1000,'TRANSAKSI'!$E$10:$E$1000,"4.1.05.03",'TRANSAKSI'!$J$10:$J$1000,4,'TRANSAKSI'!$K$10:$K$1000,TahunSel)-SUMIFS('TRANSAKSI'!$H$10:$H$1000,'TRANSAKSI'!$E$10:$E$1000,"4.1.05.03",'TRANSAKSI'!$J$10:$J$1000,4,'TRANSAKSI'!$K$10:$K$1000,TahunSel) | H14: =SUMIFS('TRANSAKSI'!$I$10:$I$1000,'TRANSAKSI'!$E$10:$E$1000,"4.1.05.03",'TRANSAKSI'!$J$10:$J$1000,5,'TRANSAKSI'!$K$10:$K$1000,TahunSel)-SUMIFS('TRANSAKSI'!$H$10:$H$1000,'TRANSAKSI'!$E$10:$E$1000,"4.1.05.03",'TRANSAKSI'!$J$10:$J$1000,5,'TRANSAKSI'!$K$10:$K$1000,TahunSel) | I14: =SUMIFS('TRANSAKSI'!$I$10:$I$1000,'TRANSAKSI'!$E$10:$E$1000,"4.1.05.03",'TRANSAKSI'!$J$10:$J$1000,6,'TRANSAKSI'!$K$10:$K$1000,TahunSel)-SUMIFS('TRANSAKSI'!$H$10:$H$1000,'TRANSAKSI'!$E$10:$E$1000,"4.1.05.03",'TRANSAKSI'!$J$10:$J$1000,6,'TRANSAKSI'!$K$10:$K$1000,TahunSel) | J14: =SUMIFS('TRANSAKSI'!$I$10:$I$1000,'TRANSAKSI'!$E$10:$E$1000,"4.1.05.03",'TRANSAKSI'!$J$10:$J$1000,7,'TRANSAKSI'!$K$10:$K$1000,TahunSel)-SUMIFS('TRANSAKSI'!$H$10:$H$1000,'TRANSAKSI'!$E$10:$E$1000,"4.1.05.03",'TRANSAKSI'!$J$10:$J$1000,7,'TRANSAKSI'!$K$10:$K$1000,TahunSel) | K14: =SUMIFS('TRANSAKSI'!$I$10:$I$1000,'TRANSAKSI'!$E$10:$E$1000,"4.1.05.03",'TRANSAKSI'!$J$10:$J$1000,8,'TRANSAKSI'!$K$10:$K$1000,TahunSel)-SUMIFS('TRANSAKSI'!$H$10:$H$1000,'TRANSAKSI'!$E$10:$E$1000,"4.1.05.03",'TRANSAKSI'!$J$10:$J$1000,8,'TRANSAKSI'!$K$10:$K$1000,TahunSel) | L14: =SUMIFS('TRANSAKSI'!$I$10:$I$1000,'TRANSAKSI'!$E$10:$E$1000,"4.1.05.03",'TRANSAKSI'!$J$10:$J$1000,9,'TRANSAKSI'!$K$10:$K$1000,TahunSel)-SUMIFS('TRANSAKSI'!$H$10:$H$1000,'TRANSAKSI'!$E$10:$E$1000,"4.1.05.03",'TRANSAKSI'!$J$10:$J$1000,9,'TRANSAKSI'!$K$10:$K$1000,TahunSel) | M14: =SUMIFS('TRANSAKSI'!$I$10:$I$1000,'TRANSAKSI'!$E$10:$E$1000,"4.1.05.03",'TRANSAKSI'!$J$10:$J$1000,10,'TRANSAKSI'!$K$10:$K$1000,TahunSel)-SUMIFS('TRANSAKSI'!$H$10:$H$1000,'TRANSAKSI'!$E$10:$E$1000,"4.1.05.03",'TRANSAKSI'!$J$10:$J$1000,10,'TRANSAKSI'!$K$10:$K$1000,TahunSel) | N14: =SUMIFS('TRANSAKSI'!$I$10:$I$1000,'TRANSAKSI'!$E$10:$E$1000,"4.1.05.03",'TRANSAKSI'!$J$10:$J$1000,11,'TRANSAKSI'!$K$10:$K$1000,TahunSel)-SUMIFS('TRANSAKSI'!$H$10:$H$1000,'TRANSAKSI'!$E$10:$E$1000,"4.1.05.03",'TRANSAKSI'!$J$10:$J$1000,11,'TRANSAKSI'!$K$10:$K$1000,TahunSel) | O14: =SUMIFS('TRANSAKSI'!$I$10:$I$1000,'TRANSAKSI'!$E$10:$E$1000,"4.1.05.03",'TRANSAKSI'!$J$10:$J$1000,12,'TRANSAKSI'!$K$10:$K$1000,TahunSel)-SUMIFS('TRANSAKSI'!$H$10:$H$1000,'TRANSAKSI'!$E$10:$E$1000,"4.1.05.03",'TRANSAKSI'!$J$10:$J$1000,12,'TRANSAKSI'!$K$10:$K$1000,TahunSel) | P14: =SUM(D14:O14)
A15: 4.1.08.01 | B15: Pendapatan Simpan Pinjam | C15: Pendapatan | D15: =SUMIFS('TRANSAKSI'!$I$10:$I$1000,'TRANSAKSI'!$E$10:$E$1000,"4.1.08.01",'TRANSAKSI'!$J$10:$J$1000,1,'TRANSAKSI'!$K$10:$K$1000,TahunSel)-SUMIFS('TRANSAKSI'!$H$10:$H$1000,'TRANSAKSI'!$E$10:$E$1000,"4.1.08.01",'TRANSAKSI'!$J$10:$J$1000,1,'TRANSAKSI'!$K$10:$K$1000,TahunSel) | E15: =SUMIFS('TRANSAKSI'!$I$10:$I$1000,'TRANSAKSI'!$E$10:$E$1000,"4.1.08.01",'TRANSAKSI'!$J$10:$J$1000,2,'TRANSAKSI'!$K$10:$K$1000,TahunSel)-SUMIFS('TRANSAKSI'!$H$10:$H$1000,'TRANSAKSI'!$E$10:$E$1000,"4.1.08.01",'TRANSAKSI'!$J$10:$J$1000,2,'TRANSAKSI'!$K$10:$K$1000,TahunSel) | F15: =SUMIFS('TRANSAKSI'!$I$10:$I$1000,'TRANSAKSI'!$E$10:$E$1000,"4.1.08.01",'TRANSAKSI'!$J$10:$J$1000,3,'TRANSAKSI'!$K$10:$K$1000,TahunSel)-SUMIFS('TRANSAKSI'!$H$10:$H$1000,'TRANSAKSI'!$E$10:$E$1000,"4.1.08.01",'TRANSAKSI'!$J$10:$J$1000,3,'TRANSAKSI'!$K$10:$K$1000,TahunSel) | G15: =SUMIFS('TRANSAKSI'!$I$10:$I$1000,'TRANSAKSI'!$E$10:$E$1000,"4.1.08.01",'TRANSAKSI'!$J$10:$J$1000,4,'TRANSAKSI'!$K$10:$K$1000,TahunSel)-SUMIFS('TRANSAKSI'!$H$10:$H$1000,'TRANSAKSI'!$E$10:$E$1000,"4.1.08.01",'TRANSAKSI'!$J$10:$J$1000,4,'TRANSAKSI'!$K$10:$K$1000,TahunSel) | H15: =SUMIFS('TRANSAKSI'!$I$10:$I$1000,'TRANSAKSI'!$E$10:$E$1000,"4.1.08.01",'TRANSAKSI'!$J$10:$J$1000,5,'TRANSAKSI'!$K$10:$K$1000,TahunSel)-SUMIFS('TRANSAKSI'!$H$10:$H$1000,'TRANSAKSI'!$E$10:$E$1000,"4.1.08.01",'TRANSAKSI'!$J$10:$J$1000,5,'TRANSAKSI'!$K$10:$K$1000,TahunSel) | I15: =SUMIFS('TRANSAKSI'!$I$10:$I$1000,'TRANSAKSI'!$E$10:$E$1000,"4.1.08.01",'TRANSAKSI'!$J$10:$J$1000,6,'TRANSAKSI'!$K$10:$K$1000,TahunSel)-SUMIFS('TRANSAKSI'!$H$10:$H$1000,'TRANSAKSI'!$E$10:$E$1000,"4.1.08.01",'TRANSAKSI'!$J$10:$J$1000,6,'TRANSAKSI'!$K$10:$K$1000,TahunSel) | J15: =SUMIFS('TRANSAKSI'!$I$10:$I$1000,'TRANSAKSI'!$E$10:$E$1000,"4.1.08.01",'TRANSAKSI'!$J$10:$J$1000,7,'TRANSAKSI'!$K$10:$K$1000,TahunSel)-SUMIFS('TRANSAKSI'!$H$10:$H$1000,'TRANSAKSI'!$E$10:$E$1000,"4.1.08.01",'TRANSAKSI'!$J$10:$J$1000,7,'TRANSAKSI'!$K$10:$K$1000,TahunSel) | K15: =SUMIFS('TRANSAKSI'!$I$10:$I$1000,'TRANSAKSI'!$E$10:$E$1000,"4.1.08.01",'TRANSAKSI'!$J$10:$J$1000,8,'TRANSAKSI'!$K$10:$K$1000,TahunSel)-SUMIFS('TRANSAKSI'!$H$10:$H$1000,'TRANSAKSI'!$E$10:$E$1000,"4.1.08.01",'TRANSAKSI'!$J$10:$J$1000,8,'TRANSAKSI'!$K$10:$K$1000,TahunSel) | L15: =SUMIFS('TRANSAKSI'!$I$10:$I$1000,'TRANSAKSI'!$E$10:$E$1000,"4.1.08.01",'TRANSAKSI'!$J$10:$J$1000,9,'TRANSAKSI'!$K$10:$K$1000,TahunSel)-SUMIFS('TRANSAKSI'!$H$10:$H$1000,'TRANSAKSI'!$E$10:$E$1000,"4.1.08.01",'TRANSAKSI'!$J$10:$J$1000,9,'TRANSAKSI'!$K$10:$K$1000,TahunSel) | M15: =SUMIFS('TRANSAKSI'!$I$10:$I$1000,'TRANSAKSI'!$E$10:$E$1000,"4.1.08.01",'TRANSAKSI'!$J$10:$J$1000,10,'TRANSAKSI'!$K$10:$K$1000,TahunSel)-SUMIFS('TRANSAKSI'!$H$10:$H$1000,'TRANSAKSI'!$E$10:$E$1000,"4.1.08.01",'TRANSAKSI'!$J$10:$J$1000,10,'TRANSAKSI'!$K$10:$K$1000,TahunSel) | N15: =SUMIFS('TRANSAKSI'!$I$10:$I$1000,'TRANSAKSI'!$E$10:$E$1000,"4.1.08.01",'TRANSAKSI'!$J$10:$J$1000,11,'TRANSAKSI'!$K$10:$K$1000,TahunSel)-SUMIFS('TRANSAKSI'!$H$10:$H$1000,'TRANSAKSI'!$E$10:$E$1000,"4.1.08.01",'TRANSAKSI'!$J$10:$J$1000,11,'TRANSAKSI'!$K$10:$K$1000,TahunSel) | O15: =SUMIFS('TRANSAKSI'!$I$10:$I$1000,'TRANSAKSI'!$E$10:$E$1000,"4.1.08.01",'TRANSAKSI'!$J$10:$J$1000,12,'TRANSAKSI'!$K$10:$K$1000,TahunSel)-SUMIFS('TRANSAKSI'!$H$10:$H$1000,'TRANSAKSI'!$E$10:$E$1000,"4.1.08.01",'TRANSAKSI'!$J$10:$J$1000,12,'TRANSAKSI'!$K$10:$K$1000,TahunSel) | P15: =SUM(D15:O15)
A16: 4.1.11.01 | B16: Pendapatan Komisi | C16: Pendapatan | D16: =SUMIFS('TRANSAKSI'!$I$10:$I$1000,'TRANSAKSI'!$E$10:$E$1000,"4.1.11.01",'TRANSAKSI'!$J$10:$J$1000,1,'TRANSAKSI'!$K$10:$K$1000,TahunSel)-SUMIFS('TRANSAKSI'!$H$10:$H$1000,'TRANSAKSI'!$E$10:$E$1000,"4.1.11.01",'TRANSAKSI'!$J$10:$J$1000,1,'TRANSAKSI'!$K$10:$K$1000,TahunSel) | E16: =SUMIFS('TRANSAKSI'!$I$10:$I$1000,'TRANSAKSI'!$E$10:$E$1000,"4.1.11.01",'TRANSAKSI'!$J$10:$J$1000,2,'TRANSAKSI'!$K$10:$K$1000,TahunSel)-SUMIFS('TRANSAKSI'!$H$10:$H$1000,'TRANSAKSI'!$E$10:$E$1000,"4.1.11.01",'TRANSAKSI'!$J$10:$J$1000,2,'TRANSAKSI'!$K$10:$K$1000,TahunSel) | F16: =SUMIFS('TRANSAKSI'!$I$10:$I$1000,'TRANSAKSI'!$E$10:$E$1000,"4.1.11.01",'TRANSAKSI'!$J$10:$J$1000,3,'TRANSAKSI'!$K$10:$K$1000,TahunSel)-SUMIFS('TRANSAKSI'!$H$10:$H$1000,'TRANSAKSI'!$E$10:$E$1000,"4.1.11.01",'TRANSAKSI'!$J$10:$J$1000,3,'TRANSAKSI'!$K$10:$K$1000,TahunSel) | G16: =SUMIFS('TRANSAKSI'!$I$10:$I$1000,'TRANSAKSI'!$E$10:$E$1000,"4.1.11.01",'TRANSAKSI'!$J$10:$J$1000,4,'TRANSAKSI'!$K$10:$K$1000,TahunSel)-SUMIFS('TRANSAKSI'!$H$10:$H$1000,'TRANSAKSI'!$E$10:$E$1000,"4.1.11.01",'TRANSAKSI'!$J$10:$J$1000,4,'TRANSAKSI'!$K$10:$K$1000,TahunSel) | H16: =SUMIFS('TRANSAKSI'!$I$10:$I$1000,'TRANSAKSI'!$E$10:$E$1000,"4.1.11.01",'TRANSAKSI'!$J$10:$J$1000,5,'TRANSAKSI'!$K$10:$K$1000,TahunSel)-SUMIFS('TRANSAKSI'!$H$10:$H$1000,'TRANSAKSI'!$E$10:$E$1000,"4.1.11.01",'TRANSAKSI'!$J$10:$J$1000,5,'TRANSAKSI'!$K$10:$K$1000,TahunSel) | I16: =SUMIFS('TRANSAKSI'!$I$10:$I$1000,'TRANSAKSI'!$E$10:$E$1000,"4.1.11.01",'TRANSAKSI'!$J$10:$J$1000,6,'TRANSAKSI'!$K$10:$K$1000,TahunSel)-SUMIFS('TRANSAKSI'!$H$10:$H$1000,'TRANSAKSI'!$E$10:$E$1000,"4.1.11.01",'TRANSAKSI'!$J$10:$J$1000,6,'TRANSAKSI'!$K$10:$K$1000,TahunSel) | J16: =SUMIFS('TRANSAKSI'!$I$10:$I$1000,'TRANSAKSI'!$E$10:$E$1000,"4.1.11.01",'TRANSAKSI'!$J$10:$J$1000,7,'TRANSAKSI'!$K$10:$K$1000,TahunSel)-SUMIFS('TRANSAKSI'!$H$10:$H$1000,'TRANSAKSI'!$E$10:$E$1000,"4.1.11.01",'TRANSAKSI'!$J$10:$J$1000,7,'TRANSAKSI'!$K$10:$K$1000,TahunSel) | K16: =SUMIFS('TRANSAKSI'!$I$10:$I$1000,'TRANSAKSI'!$E$10:$E$1000,"4.1.11.01",'TRANSAKSI'!$J$10:$J$1000,8,'TRANSAKSI'!$K$10:$K$1000,TahunSel)-SUMIFS('TRANSAKSI'!$H$10:$H$1000,'TRANSAKSI'!$E$10:$E$1000,"4.1.11.01",'TRANSAKSI'!$J$10:$J$1000,8,'TRANSAKSI'!$K$10:$K$1000,TahunSel) | L16: =SUMIFS('TRANSAKSI'!$I$10:$I$1000,'TRANSAKSI'!$E$10:$E$1000,"4.1.11.01",'TRANSAKSI'!$J$10:$J$1000,9,'TRANSAKSI'!$K$10:$K$1000,TahunSel)-SUMIFS('TRANSAKSI'!$H$10:$H$1000,'TRANSAKSI'!$E$10:$E$1000,"4.1.11.01",'TRANSAKSI'!$J$10:$J$1000,9,'TRANSAKSI'!$K$10:$K$1000,TahunSel) | M16: =SUMIFS('TRANSAKSI'!$I$10:$I$1000,'TRANSAKSI'!$E$10:$E$1000,"4.1.11.01",'TRANSAKSI'!$J$10:$J$1000,10,'TRANSAKSI'!$K$10:$K$1000,TahunSel)-SUMIFS('TRANSAKSI'!$H$10:$H$1000,'TRANSAKSI'!$E$10:$E$1000,"4.1.11.01",'TRANSAKSI'!$J$10:$J$1000,10,'TRANSAKSI'!$K$10:$K$1000,TahunSel) | N16: =SUMIFS('TRANSAKSI'!$I$10:$I$1000,'TRANSAKSI'!$E$10:$E$1000,"4.1.11.01",'TRANSAKSI'!$J$10:$J$1000,11,'TRANSAKSI'!$K$10:$K$1000,TahunSel)-SUMIFS('TRANSAKSI'!$H$10:$H$1000,'TRANSAKSI'!$E$10:$E$1000,"4.1.11.01",'TRANSAKSI'!$J$10:$J$1000,11,'TRANSAKSI'!$K$10:$K$1000,TahunSel) | O16: =SUMIFS('TRANSAKSI'!$I$10:$I$1000,'TRANSAKSI'!$E$10:$E$1000,"4.1.11.01",'TRANSAKSI'!$J$10:$J$1000,12,'TRANSAKSI'!$K$10:$K$1000,TahunSel)-SUMIFS('TRANSAKSI'!$H$10:$H$1000,'TRANSAKSI'!$E$10:$E$1000,"4.1.11.01",'TRANSAKSI'!$J$10:$J$1000,12,'TRANSAKSI'!$K$10:$K$1000,TahunSel) | P16: =SUM(D16:O16)
A17: 4.1.12.01 | B17: Pendapatan Penjualan Jagung | C17: Pendapatan | D17: =SUMIFS('TRANSAKSI'!$I$10:$I$1000,'TRANSAKSI'!$E$10:$E$1000,"4.1.12.01",'TRANSAKSI'!$J$10:$J$1000,1,'TRANSAKSI'!$K$10:$K$1000,TahunSel)-SUMIFS('TRANSAKSI'!$H$10:$H$1000,'TRANSAKSI'!$E$10:$E$1000,"4.1.12.01",'TRANSAKSI'!$J$10:$J$1000,1,'TRANSAKSI'!$K$10:$K$1000,TahunSel) | E17: =SUMIFS('TRANSAKSI'!$I$10:$I$1000,'TRANSAKSI'!$E$10:$E$1000,"4.1.12.01",'TRANSAKSI'!$J$10:$J$1000,2,'TRANSAKSI'!$K$10:$K$1000,TahunSel)-SUMIFS('TRANSAKSI'!$H$10:$H$1000,'TRANSAKSI'!$E$10:$E$1000,"4.1.12.01",'TRANSAKSI'!$J$10:$J$1000,2,'TRANSAKSI'!$K$10:$K$1000,TahunSel) | F17: =SUMIFS('TRANSAKSI'!$I$10:$I$1000,'TRANSAKSI'!$E$10:$E$1000,"4.1.12.01",'TRANSAKSI'!$J$10:$J$1000,3,'TRANSAKSI'!$K$10:$K$1000,TahunSel)-SUMIFS('TRANSAKSI'!$H$10:$H$1000,'TRANSAKSI'!$E$10:$E$1000,"4.1.12.01",'TRANSAKSI'!$J$10:$J$1000,3,'TRANSAKSI'!$K$10:$K$1000,TahunSel) | G17: =SUMIFS('TRANSAKSI'!$I$10:$I$1000,'TRANSAKSI'!$E$10:$E$1000,"4.1.12.01",'TRANSAKSI'!$J$10:$J$1000,4,'TRANSAKSI'!$K$10:$K$1000,TahunSel)-SUMIFS('TRANSAKSI'!$H$10:$H$1000,'TRANSAKSI'!$E$10:$E$1000,"4.1.12.01",'TRANSAKSI'!$J$10:$J$1000,4,'TRANSAKSI'!$K$10:$K$1000,TahunSel) | H17: =SUMIFS('TRANSAKSI'!$I$10:$I$1000,'TRANSAKSI'!$E$10:$E$1000,"4.1.12.01",'TRANSAKSI'!$J$10:$J$1000,5,'TRANSAKSI'!$K$10:$K$1000,TahunSel)-SUMIFS('TRANSAKSI'!$H$10:$H$1000,'TRANSAKSI'!$E$10:$E$1000,"4.1.12.01",'TRANSAKSI'!$J$10:$J$1000,5,'TRANSAKSI'!$K$10:$K$1000,TahunSel) | I17: =SUMIFS('TRANSAKSI'!$I$10:$I$1000,'TRANSAKSI'!$E$10:$E$1000,"4.1.12.01",'TRANSAKSI'!$J$10:$J$1000,6,'TRANSAKSI'!$K$10:$K$1000,TahunSel)-SUMIFS('TRANSAKSI'!$H$10:$H$1000,'TRANSAKSI'!$E$10:$E$1000,"4.1.12.01",'TRANSAKSI'!$J$10:$J$1000,6,'TRANSAKSI'!$K$10:$K$1000,TahunSel) | J17: =SUMIFS('TRANSAKSI'!$I$10:$I$1000,'TRANSAKSI'!$E$10:$E$1000,"4.1.12.01",'TRANSAKSI'!$J$10:$J$1000,7,'TRANSAKSI'!$K$10:$K$1000,TahunSel)-SUMIFS('TRANSAKSI'!$H$10:$H$1000,'TRANSAKSI'!$E$10:$E$1000,"4.1.12.01",'TRANSAKSI'!$J$10:$J$1000,7,'TRANSAKSI'!$K$10:$K$1000,TahunSel) | K17: =SUMIFS('TRANSAKSI'!$I$10:$I$1000,'TRANSAKSI'!$E$10:$E$1000,"4.1.12.01",'TRANSAKSI'!$J$10:$J$1000,8,'TRANSAKSI'!$K$10:$K$1000,TahunSel)-SUMIFS('TRANSAKSI'!$H$10:$H$1000,'TRANSAKSI'!$E$10:$E$1000,"4.1.12.01",'TRANSAKSI'!$J$10:$J$1000,8,'TRANSAKSI'!$K$10:$K$1000,TahunSel) | L17: =SUMIFS('TRANSAKSI'!$I$10:$I$1000,'TRANSAKSI'!$E$10:$E$1000,"4.1.12.01",'TRANSAKSI'!$J$10:$J$1000,9,'TRANSAKSI'!$K$10:$K$1000,TahunSel)-SUMIFS('TRANSAKSI'!$H$10:$H$1000,'TRANSAKSI'!$E$10:$E$1000,"4.1.12.01",'TRANSAKSI'!$J$10:$J$1000,9,'TRANSAKSI'!$K$10:$K$1000,TahunSel) | M17: =SUMIFS('TRANSAKSI'!$I$10:$I$1000,'TRANSAKSI'!$E$10:$E$1000,"4.1.12.01",'TRANSAKSI'!$J$10:$J$1000,10,'TRANSAKSI'!$K$10:$K$1000,TahunSel)-SUMIFS('TRANSAKSI'!$H$10:$H$1000,'TRANSAKSI'!$E$10:$E$1000,"4.1.12.01",'TRANSAKSI'!$J$10:$J$1000,10,'TRANSAKSI'!$K$10:$K$1000,TahunSel) | N17: =SUMIFS('TRANSAKSI'!$I$10:$I$1000,'TRANSAKSI'!$E$10:$E$1000,"4.1.12.01",'TRANSAKSI'!$J$10:$J$1000,11,'TRANSAKSI'!$K$10:$K$1000,TahunSel)-SUMIFS('TRANSAKSI'!$H$10:$H$1000,'TRANSAKSI'!$E$10:$E$1000,"4.1.12.01",'TRANSAKSI'!$J$10:$J$1000,11,'TRANSAKSI'!$K$10:$K$1000,TahunSel) | O17: =SUMIFS('TRANSAKSI'!$I$10:$I$1000,'TRANSAKSI'!$E$10:$E$1000,"4.1.12.01",'TRANSAKSI'!$J$10:$J$1000,12,'TRANSAKSI'!$K$10:$K$1000,TahunSel)-SUMIFS('TRANSAKSI'!$H$10:$H$1000,'TRANSAKSI'!$E$10:$E$1000,"4.1.12.01",'TRANSAKSI'!$J$10:$J$1000,12,'TRANSAKSI'!$K$10:$K$1000,TahunSel) | P17: =SUM(D17:O17)
A18: 4.1.12.02 | B18: Pendapatan Penjualan Padi | C18: Pendapatan | D18: =SUMIFS('TRANSAKSI'!$I$10:$I$1000,'TRANSAKSI'!$E$10:$E$1000,"4.1.12.02",'TRANSAKSI'!$J$10:$J$1000,1,'TRANSAKSI'!$K$10:$K$1000,TahunSel)-SUMIFS('TRANSAKSI'!$H$10:$H$1000,'TRANSAKSI'!$E$10:$E$1000,"4.1.12.02",'TRANSAKSI'!$J$10:$J$1000,1,'TRANSAKSI'!$K$10:$K$1000,TahunSel) | E18: =SUMIFS('TRANSAKSI'!$I$10:$I$1000,'TRANSAKSI'!$E$10:$E$1000,"4.1.12.02",'TRANSAKSI'!$J$10:$J$1000,2,'TRANSAKSI'!$K$10:$K$1000,TahunSel)-SUMIFS('TRANSAKSI'!$H$10:$H$1000,'TRANSAKSI'!$E$10:$E$1000,"4.1.12.02",'TRANSAKSI'!$J$10:$J$1000,2,'TRANSAKSI'!$K$10:$K$1000,TahunSel) | F18: =SUMIFS('TRANSAKSI'!$I$10:$I$1000,'TRANSAKSI'!$E$10:$E$1000,"4.1.12.02",'TRANSAKSI'!$J$10:$J$1000,3,'TRANSAKSI'!$K$10:$K$1000,TahunSel)-SUMIFS('TRANSAKSI'!$H$10:$H$1000,'TRANSAKSI'!$E$10:$E$1000,"4.1.12.02",'TRANSAKSI'!$J$10:$J$1000,3,'TRANSAKSI'!$K$10:$K$1000,TahunSel) | G18: =SUMIFS('TRANSAKSI'!$I$10:$I$1000,'TRANSAKSI'!$E$10:$E$1000,"4.1.12.02",'TRANSAKSI'!$J$10:$J$1000,4,'TRANSAKSI'!$K$10:$K$1000,TahunSel)-SUMIFS('TRANSAKSI'!$H$10:$H$1000,'TRANSAKSI'!$E$10:$E$1000,"4.1.12.02",'TRANSAKSI'!$J$10:$J$1000,4,'TRANSAKSI'!$K$10:$K$1000,TahunSel) | H18: =SUMIFS('TRANSAKSI'!$I$10:$I$1000,'TRANSAKSI'!$E$10:$E$1000,"4.1.12.02",'TRANSAKSI'!$J$10:$J$1000,5,'TRANSAKSI'!$K$10:$K$1000,TahunSel)-SUMIFS('TRANSAKSI'!$H$10:$H$1000,'TRANSAKSI'!$E$10:$E$1000,"4.1.12.02",'TRANSAKSI'!$J$10:$J$1000,5,'TRANSAKSI'!$K$10:$K$1000,TahunSel) | I18: =SUMIFS('TRANSAKSI'!$I$10:$I$1000,'TRANSAKSI'!$E$10:$E$1000,"4.1.12.02",'TRANSAKSI'!$J$10:$J$1000,6,'TRANSAKSI'!$K$10:$K$1000,TahunSel)-SUMIFS('TRANSAKSI'!$H$10:$H$1000,'TRANSAKSI'!$E$10:$E$1000,"4.1.12.02",'TRANSAKSI'!$J$10:$J$1000,6,'TRANSAKSI'!$K$10:$K$1000,TahunSel) | J18: =SUMIFS('TRANSAKSI'!$I$10:$I$1000,'TRANSAKSI'!$E$10:$E$1000,"4.1.12.02",'TRANSAKSI'!$J$10:$J$1000,7,'TRANSAKSI'!$K$10:$K$1000,TahunSel)-SUMIFS('TRANSAKSI'!$H$10:$H$1000,'TRANSAKSI'!$E$10:$E$1000,"4.1.12.02",'TRANSAKSI'!$J$10:$J$1000,7,'TRANSAKSI'!$K$10:$K$1000,TahunSel) | K18: =SUMIFS('TRANSAKSI'!$I$10:$I$1000,'TRANSAKSI'!$E$10:$E$1000,"4.1.12.02",'TRANSAKSI'!$J$10:$J$1000,8,'TRANSAKSI'!$K$10:$K$1000,TahunSel)-SUMIFS('TRANSAKSI'!$H$10:$H$1000,'TRANSAKSI'!$E$10:$E$1000,"4.1.12.02",'TRANSAKSI'!$J$10:$J$1000,8,'TRANSAKSI'!$K$10:$K$1000,TahunSel) | L18: =SUMIFS('TRANSAKSI'!$I$10:$I$1000,'TRANSAKSI'!$E$10:$E$1000,"4.1.12.02",'TRANSAKSI'!$J$10:$J$1000,9,'TRANSAKSI'!$K$10:$K$1000,TahunSel)-SUMIFS('TRANSAKSI'!$H$10:$H$1000,'TRANSAKSI'!$E$10:$E$1000,"4.1.12.02",'TRANSAKSI'!$J$10:$J$1000,9,'TRANSAKSI'!$K$10:$K$1000,TahunSel) | M18: =SUMIFS('TRANSAKSI'!$I$10:$I$1000,'TRANSAKSI'!$E$10:$E$1000,"4.1.12.02",'TRANSAKSI'!$J$10:$J$1000,10,'TRANSAKSI'!$K$10:$K$1000,TahunSel)-SUMIFS('TRANSAKSI'!$H$10:$H$1000,'TRANSAKSI'!$E$10:$E$1000,"4.1.12.02",'TRANSAKSI'!$J$10:$J$1000,10,'TRANSAKSI'!$K$10:$K$1000,TahunSel) | N18: =SUMIFS('TRANSAKSI'!$I$10:$I$1000,'TRANSAKSI'!$E$10:$E$1000,"4.1.12.02",'TRANSAKSI'!$J$10:$J$1000,11,'TRANSAKSI'!$K$10:$K$1000,TahunSel)-SUMIFS('TRANSAKSI'!$H$10:$H$1000,'TRANSAKSI'!$E$10:$E$1000,"4.1.12.02",'TRANSAKSI'!$J$10:$J$1000,11,'TRANSAKSI'!$K$10:$K$1000,TahunSel) | O18: =SUMIFS('TRANSAKSI'!$I$10:$I$1000,'TRANSAKSI'!$E$10:$E$1000,"4.1.12.02",'TRANSAKSI'!$J$10:$J$1000,12,'TRANSAKSI'!$K$10:$K$1000,TahunSel)-SUMIFS('TRANSAKSI'!$H$10:$H$1000,'TRANSAKSI'!$E$10:$E$1000,"4.1.12.02",'TRANSAKSI'!$J$10:$J$1000,12,'TRANSAKSI'!$K$10:$K$1000,TahunSel) | P18: =SUM(D18:O18)
A19: 4.1.13.05 | B19: Pendapatan Penjualan Telur Ayam | C19: Pendapatan | D19: =SUMIFS('TRANSAKSI'!$I$10:$I$1000,'TRANSAKSI'!$E$10:$E$1000,"4.1.13.05",'TRANSAKSI'!$J$10:$J$1000,1,'TRANSAKSI'!$K$10:$K$1000,TahunSel)-SUMIFS('TRANSAKSI'!$H$10:$H$1000,'TRANSAKSI'!$E$10:$E$1000,"4.1.13.05",'TRANSAKSI'!$J$10:$J$1000,1,'TRANSAKSI'!$K$10:$K$1000,TahunSel) | E19: =SUMIFS('TRANSAKSI'!$I$10:$I$1000,'TRANSAKSI'!$E$10:$E$1000,"4.1.13.05",'TRANSAKSI'!$J$10:$J$1000,2,'TRANSAKSI'!$K$10:$K$1000,TahunSel)-SUMIFS('TRANSAKSI'!$H$10:$H$1000,'TRANSAKSI'!$E$10:$E$1000,"4.1.13.05",'TRANSAKSI'!$J$10:$J$1000,2,'TRANSAKSI'!$K$10:$K$1000,TahunSel) | F19: =SUMIFS('TRANSAKSI'!$I$10:$I$1000,'TRANSAKSI'!$E$10:$E$1000,"4.1.13.05",'TRANSAKSI'!$J$10:$J$1000,3,'TRANSAKSI'!$K$10:$K$1000,TahunSel)-SUMIFS('TRANSAKSI'!$H$10:$H$1000,'TRANSAKSI'!$E$10:$E$1000,"4.1.13.05",'TRANSAKSI'!$J$10:$J$1000,3,'TRANSAKSI'!$K$10:$K$1000,TahunSel) | G19: =SUMIFS('TRANSAKSI'!$I$10:$I$1000,'TRANSAKSI'!$E$10:$E$1000,"4.1.13.05",'TRANSAKSI'!$J$10:$J$1000,4,'TRANSAKSI'!$K$10:$K$1000,TahunSel)-SUMIFS('TRANSAKSI'!$H$10:$H$1000,'TRANSAKSI'!$E$10:$E$1000,"4.1.13.05",'TRANSAKSI'!$J$10:$J$1000,4,'TRANSAKSI'!$K$10:$K$1000,TahunSel) | H19: =SUMIFS('TRANSAKSI'!$I$10:$I$1000,'TRANSAKSI'!$E$10:$E$1000,"4.1.13.05",'TRANSAKSI'!$J$10:$J$1000,5,'TRANSAKSI'!$K$10:$K$1000,TahunSel)-SUMIFS('TRANSAKSI'!$H$10:$H$1000,'TRANSAKSI'!$E$10:$E$1000,"4.1.13.05",'TRANSAKSI'!$J$10:$J$1000,5,'TRANSAKSI'!$K$10:$K$1000,TahunSel) | I19: =SUMIFS('TRANSAKSI'!$I$10:$I$1000,'TRANSAKSI'!$E$10:$E$1000,"4.1.13.05",'TRANSAKSI'!$J$10:$J$1000,6,'TRANSAKSI'!$K$10:$K$1000,TahunSel)-SUMIFS('TRANSAKSI'!$H$10:$H$1000,'TRANSAKSI'!$E$10:$E$1000,"4.1.13.05",'TRANSAKSI'!$J$10:$J$1000,6,'TRANSAKSI'!$K$10:$K$1000,TahunSel) | J19: =SUMIFS('TRANSAKSI'!$I$10:$I$1000,'TRANSAKSI'!$E$10:$E$1000,"4.1.13.05",'TRANSAKSI'!$J$10:$J$1000,7,'TRANSAKSI'!$K$10:$K$1000,TahunSel)-SUMIFS('TRANSAKSI'!$H$10:$H$1000,'TRANSAKSI'!$E$10:$E$1000,"4.1.13.05",'TRANSAKSI'!$J$10:$J$1000,7,'TRANSAKSI'!$K$10:$K$1000,TahunSel) | K19: =SUMIFS('TRANSAKSI'!$I$10:$I$1000,'TRANSAKSI'!$E$10:$E$1000,"4.1.13.05",'TRANSAKSI'!$J$10:$J$1000,8,'TRANSAKSI'!$K$10:$K$1000,TahunSel)-SUMIFS('TRANSAKSI'!$H$10:$H$1000,'TRANSAKSI'!$E$10:$E$1000,"4.1.13.05",'TRANSAKSI'!$J$10:$J$1000,8,'TRANSAKSI'!$K$10:$K$1000,TahunSel) | L19: =SUMIFS('TRANSAKSI'!$I$10:$I$1000,'TRANSAKSI'!$E$10:$E$1000,"4.1.13.05",'TRANSAKSI'!$J$10:$J$1000,9,'TRANSAKSI'!$K$10:$K$1000,TahunSel)-SUMIFS('TRANSAKSI'!$H$10:$H$1000,'TRANSAKSI'!$E$10:$E$1000,"4.1.13.05",'TRANSAKSI'!$J$10:$J$1000,9,'TRANSAKSI'!$K$10:$K$1000,TahunSel) | M19: =SUMIFS('TRANSAKSI'!$I$10:$I$1000,'TRANSAKSI'!$E$10:$E$1000,"4.1.13.05",'TRANSAKSI'!$J$10:$J$1000,10,'TRANSAKSI'!$K$10:$K$1000,TahunSel)-SUMIFS('TRANSAKSI'!$H$10:$H$1000,'TRANSAKSI'!$E$10:$E$1000,"4.1.13.05",'TRANSAKSI'!$J$10:$J$1000,10,'TRANSAKSI'!$K$10:$K$1000,TahunSel) | N19: =SUMIFS('TRANSAKSI'!$I$10:$I$1000,'TRANSAKSI'!$E$10:$E$1000,"4.1.13.05",'TRANSAKSI'!$J$10:$J$1000,11,'TRANSAKSI'!$K$10:$K$1000,TahunSel)-SUMIFS('TRANSAKSI'!$H$10:$H$1000,'TRANSAKSI'!$E$10:$E$1000,"4.1.13.05",'TRANSAKSI'!$J$10:$J$1000,11,'TRANSAKSI'!$K$10:$K$1000,TahunSel) | O19: =SUMIFS('TRANSAKSI'!$I$10:$I$1000,'TRANSAKSI'!$E$10:$E$1000,"4.1.13.05",'TRANSAKSI'!$J$10:$J$1000,12,'TRANSAKSI'!$K$10:$K$1000,TahunSel)-SUMIFS('TRANSAKSI'!$H$10:$H$1000,'TRANSAKSI'!$E$10:$E$1000,"4.1.13.05",'TRANSAKSI'!$J$10:$J$1000,12,'TRANSAKSI'!$K$10:$K$1000,TahunSel) | P19: =SUM(D19:O19)
A20: 4.1.14.01 | B20: Pendapatan Penjualan Lele | C20: Pendapatan | D20: =SUMIFS('TRANSAKSI'!$I$10:$I$1000,'TRANSAKSI'!$E$10:$E$1000,"4.1.14.01",'TRANSAKSI'!$J$10:$J$1000,1,'TRANSAKSI'!$K$10:$K$1000,TahunSel)-SUMIFS('TRANSAKSI'!$H$10:$H$1000,'TRANSAKSI'!$E$10:$E$1000,"4.1.14.01",'TRANSAKSI'!$J$10:$J$1000,1,'TRANSAKSI'!$K$10:$K$1000,TahunSel) | E20: =SUMIFS('TRANSAKSI'!$I$10:$I$1000,'TRANSAKSI'!$E$10:$E$1000,"4.1.14.01",'TRANSAKSI'!$J$10:$J$1000,2,'TRANSAKSI'!$K$10:$K$1000,TahunSel)-SUMIFS('TRANSAKSI'!$H$10:$H$1000,'TRANSAKSI'!$E$10:$E$1000,"4.1.14.01",'TRANSAKSI'!$J$10:$J$1000,2,'TRANSAKSI'!$K$10:$K$1000,TahunSel) | F20: =SUMIFS('TRANSAKSI'!$I$10:$I$1000,'TRANSAKSI'!$E$10:$E$1000,"4.1.14.01",'TRANSAKSI'!$J$10:$J$1000,3,'TRANSAKSI'!$K$10:$K$1000,TahunSel)-SUMIFS('TRANSAKSI'!$H$10:$H$1000,'TRANSAKSI'!$E$10:$E$1000,"4.1.14.01",'TRANSAKSI'!$J$10:$J$1000,3,'TRANSAKSI'!$K$10:$K$1000,TahunSel) | G20: =SUMIFS('TRANSAKSI'!$I$10:$I$1000,'TRANSAKSI'!$E$10:$E$1000,"4.1.14.01",'TRANSAKSI'!$J$10:$J$1000,4,'TRANSAKSI'!$K$10:$K$1000,TahunSel)-SUMIFS('TRANSAKSI'!$H$10:$H$1000,'TRANSAKSI'!$E$10:$E$1000,"4.1.14.01",'TRANSAKSI'!$J$10:$J$1000,4,'TRANSAKSI'!$K$10:$K$1000,TahunSel) | H20: =SUMIFS('TRANSAKSI'!$I$10:$I$1000,'TRANSAKSI'!$E$10:$E$1000,"4.1.14.01",'TRANSAKSI'!$J$10:$J$1000,5,'TRANSAKSI'!$K$10:$K$1000,TahunSel)-SUMIFS('TRANSAKSI'!$H$10:$H$1000,'TRANSAKSI'!$E$10:$E$1000,"4.1.14.01",'TRANSAKSI'!$J$10:$J$1000,5,'TRANSAKSI'!$K$10:$K$1000,TahunSel) | I20: =SUMIFS('TRANSAKSI'!$I$10:$I$1000,'TRANSAKSI'!$E$10:$E$1000,"4.1.14.01",'TRANSAKSI'!$J$10:$J$1000,6,'TRANSAKSI'!$K$10:$K$1000,TahunSel)-SUMIFS('TRANSAKSI'!$H$10:$H$1000,'TRANSAKSI'!$E$10:$E$1000,"4.1.14.01",'TRANSAKSI'!$J$10:$J$1000,6,'TRANSAKSI'!$K$10:$K$1000,TahunSel) | J20: =SUMIFS('TRANSAKSI'!$I$10:$I$1000,'TRANSAKSI'!$E$10:$E$1000,"4.1.14.01",'TRANSAKSI'!$J$10:$J$1000,7,'TRANSAKSI'!$K$10:$K$1000,TahunSel)-SUMIFS('TRANSAKSI'!$H$10:$H$1000,'TRANSAKSI'!$E$10:$E$1000,"4.1.14.01",'TRANSAKSI'!$J$10:$J$1000,7,'TRANSAKSI'!$K$10:$K$1000,TahunSel) | K20: =SUMIFS('TRANSAKSI'!$I$10:$I$1000,'TRANSAKSI'!$E$10:$E$1000,"4.1.14.01",'TRANSAKSI'!$J$10:$J$1000,8,'TRANSAKSI'!$K$10:$K$1000,TahunSel)-SUMIFS('TRANSAKSI'!$H$10:$H$1000,'TRANSAKSI'!$E$10:$E$1000,"4.1.14.01",'TRANSAKSI'!$J$10:$J$1000,8,'TRANSAKSI'!$K$10:$K$1000,TahunSel) | L20: =SUMIFS('TRANSAKSI'!$I$10:$I$1000,'TRANSAKSI'!$E$10:$E$1000,"4.1.14.01",'TRANSAKSI'!$J$10:$J$1000,9,'TRANSAKSI'!$K$10:$K$1000,TahunSel)-SUMIFS('TRANSAKSI'!$H$10:$H$1000,'TRANSAKSI'!$E$10:$E$1000,"4.1.14.01",'TRANSAKSI'!$J$10:$J$1000,9,'TRANSAKSI'!$K$10:$K$1000,TahunSel) | M20: =SUMIFS('TRANSAKSI'!$I$10:$I$1000,'TRANSAKSI'!$E$10:$E$1000,"4.1.14.01",'TRANSAKSI'!$J$10:$J$1000,10,'TRANSAKSI'!$K$10:$K$1000,TahunSel)-SUMIFS('TRANSAKSI'!$H$10:$H$1000,'TRANSAKSI'!$E$10:$E$1000,"4.1.14.01",'TRANSAKSI'!$J$10:$J$1000,10,'TRANSAKSI'!$K$10:$K$1000,TahunSel) | N20: =SUMIFS('TRANSAKSI'!$I$10:$I$1000,'TRANSAKSI'!$E$10:$E$1000,"4.1.14.01",'TRANSAKSI'!$J$10:$J$1000,11,'TRANSAKSI'!$K$10:$K$1000,TahunSel)-SUMIFS('TRANSAKSI'!$H$10:$H$1000,'TRANSAKSI'!$E$10:$E$1000,"4.1.14.01",'TRANSAKSI'!$J$10:$J$1000,11,'TRANSAKSI'!$K$10:$K$1000,TahunSel) | O20: =SUMIFS('TRANSAKSI'!$I$10:$I$1000,'TRANSAKSI'!$E$10:$E$1000,"4.1.14.01",'TRANSAKSI'!$J$10:$J$1000,12,'TRANSAKSI'!$K$10:$K$1000,TahunSel)-SUMIFS('TRANSAKSI'!$H$10:$H$1000,'TRANSAKSI'!$E$10:$E$1000,"4.1.14.01",'TRANSAKSI'!$J$10:$J$1000,12,'TRANSAKSI'!$K$10:$K$1000,TahunSel) | P20: =SUM(D20:O20)
B21: Total Pendapatan | D21: =SUM(D8:D20) | E21: =SUM(E8:E20) | F21: =SUM(F8:F20) | G21: =SUM(G8:G20) | H21: =SUM(H8:H20) | I21: =SUM(I8:I20) | J21: =SUM(J8:J20) | K21: =SUM(K8:K20) | ... P21: =SUM(P8:P20)
A23: BEBAN
A24: 6.1.02.01 | B24: Beban Alat Tulis Kantor (ATK) | C24: Beban | D24: =SUMIFS('TRANSAKSI'!$H$10:$H$1000,'TRANSAKSI'!$E$10:$E$1000,"6.1.02.01",'TRANSAKSI'!$J$10:$J$1000,1,'TRANSAKSI'!$K$10:$K$1000,TahunSel)-SUMIFS('TRANSAKSI'!$I$10:$I$1000,'TRANSAKSI'!$E$10:$E$1000,"6.1.02.01",'TRANSAKSI'!$J$10:$J$1000,1,'TRANSAKSI'!$K$10:$K$1000,TahunSel) | E24: =SUMIFS('TRANSAKSI'!$H$10:$H$1000,'TRANSAKSI'!$E$10:$E$1000,"6.1.02.01",'TRANSAKSI'!$J$10:$J$1000,2,'TRANSAKSI'!$K$10:$K$1000,TahunSel)-SUMIFS('TRANSAKSI'!$I$10:$I$1000,'TRANSAKSI'!$E$10:$E$1000,"6.1.02.01",'TRANSAKSI'!$J$10:$J$1000,2,'TRANSAKSI'!$K$10:$K$1000,TahunSel) | F24: =SUMIFS('TRANSAKSI'!$H$10:$H$1000,'TRANSAKSI'!$E$10:$E$1000,"6.1.02.01",'TRANSAKSI'!$J$10:$J$1000,3,'TRANSAKSI'!$K$10:$K$1000,TahunSel)-SUMIFS('TRANSAKSI'!$I$10:$I$1000,'TRANSAKSI'!$E$10:$E$1000,"6.1.02.01",'TRANSAKSI'!$J$10:$J$1000,3,'TRANSAKSI'!$K$10:$K$1000,TahunSel) | G24: =SUMIFS('TRANSAKSI'!$H$10:$H$1000,'TRANSAKSI'!$E$10:$E$1000,"6.1.02.01",'TRANSAKSI'!$J$10:$J$1000,4,'TRANSAKSI'!$K$10:$K$1000,TahunSel)-SUMIFS('TRANSAKSI'!$I$10:$I$1000,'TRANSAKSI'!$E$10:$E$1000,"6.1.02.01",'TRANSAKSI'!$J$10:$J$1000,4,'TRANSAKSI'!$K$10:$K$1000,TahunSel) | H24: =SUMIFS('TRANSAKSI'!$H$10:$H$1000,'TRANSAKSI'!$E$10:$E$1000,"6.1.02.01",'TRANSAKSI'!$J$10:$J$1000,5,'TRANSAKSI'!$K$10:$K$1000,TahunSel)-SUMIFS('TRANSAKSI'!$I$10:$I$1000,'TRANSAKSI'!$E$10:$E$1000,"6.1.02.01",'TRANSAKSI'!$J$10:$J$1000,5,'TRANSAKSI'!$K$10:$K$1000,TahunSel) | I24: =SUMIFS('TRANSAKSI'!$H$10:$H$1000,'TRANSAKSI'!$E$10:$E$1000,"6.1.02.01",'TRANSAKSI'!$J$10:$J$1000,6,'TRANSAKSI'!$K$10:$K$1000,TahunSel)-SUMIFS('TRANSAKSI'!$I$10:$I$1000,'TRANSAKSI'!$E$10:$E$1000,"6.1.02.01",'TRANSAKSI'!$J$10:$J$1000,6,'TRANSAKSI'!$K$10:$K$1000,TahunSel) | J24: =SUMIFS('TRANSAKSI'!$H$10:$H$1000,'TRANSAKSI'!$E$10:$E$1000,"6.1.02.01",'TRANSAKSI'!$J$10:$J$1000,7,'TRANSAKSI'!$K$10:$K$1000,TahunSel)-SUMIFS('TRANSAKSI'!$I$10:$I$1000,'TRANSAKSI'!$E$10:$E$1000,"6.1.02.01",'TRANSAKSI'!$J$10:$J$1000,7,'TRANSAKSI'!$K$10:$K$1000,TahunSel) | K24: =SUMIFS('TRANSAKSI'!$H$10:$H$1000,'TRANSAKSI'!$E$10:$E$1000,"6.1.02.01",'TRANSAKSI'!$J$10:$J$1000,8,'TRANSAKSI'!$K$10:$K$1000,TahunSel)-SUMIFS('TRANSAKSI'!$I$10:$I$1000,'TRANSAKSI'!$E$10:$E$1000,"6.1.02.01",'TRANSAKSI'!$J$10:$J$1000,8,'TRANSAKSI'!$K$10:$K$1000,TahunSel) | L24: =SUMIFS('TRANSAKSI'!$H$10:$H$1000,'TRANSAKSI'!$E$10:$E$1000,"6.1.02.01",'TRANSAKSI'!$J$10:$J$1000,9,'TRANSAKSI'!$K$10:$K$1000,TahunSel)-SUMIFS('TRANSAKSI'!$I$10:$I$1000,'TRANSAKSI'!$E$10:$E$1000,"6.1.02.01",'TRANSAKSI'!$J$10:$J$1000,9,'TRANSAKSI'!$K$10:$K$1000,TahunSel) | M24: =SUMIFS('TRANSAKSI'!$H$10:$H$1000,'TRANSAKSI'!$E$10:$E$1000,"6.1.02.01",'TRANSAKSI'!$J$10:$J$1000,10,'TRANSAKSI'!$K$10:$K$1000,TahunSel)-SUMIFS('TRANSAKSI'!$I$10:$I$1000,'TRANSAKSI'!$E$10:$E$1000,"6.1.02.01",'TRANSAKSI'!$J$10:$J$1000,10,'TRANSAKSI'!$K$10:$K$1000,TahunSel) | N24: =SUMIFS('TRANSAKSI'!$H$10:$H$1000,'TRANSAKSI'!$E$10:$E$1000,"6.1.02.01",'TRANSAKSI'!$J$10:$J$1000,11,'TRANSAKSI'!$K$10:$K$1000,TahunSel)-SUMIFS('TRANSAKSI'!$I$10:$I$1000,'TRANSAKSI'!$E$10:$E$1000,"6.1.02.01",'TRANSAKSI'!$J$10:$J$1000,11,'TRANSAKSI'!$K$10:$K$1000,TahunSel) | O24: =SUMIFS('TRANSAKSI'!$H$10:$H$1000,'TRANSAKSI'!$E$10:$E$1000,"6.1.02.01",'TRANSAKSI'!$J$10:$J$1000,12,'TRANSAKSI'!$K$10:$K$1000,TahunSel)-SUMIFS('TRANSAKSI'!$I$10:$I$1000,'TRANSAKSI'!$E$10:$E$1000,"6.1.02.01",'TRANSAKSI'!$J$10:$J$1000,12,'TRANSAKSI'!$K$10:$K$1000,TahunSel) | P24: =SUM(D24:O24)
A25: 6.1.02.02 | B25: Beban Foto Copy | C25: Beban | D25: =SUMIFS('TRANSAKSI'!$H$10:$H$1000,'TRANSAKSI'!$E$10:$E$1000,"6.1.02.02",'TRANSAKSI'!$J$10:$J$1000,1,'TRANSAKSI'!$K$10:$K$1000,TahunSel)-SUMIFS('TRANSAKSI'!$I$10:$I$1000,'TRANSAKSI'!$E$10:$E$1000,"6.1.02.02",'TRANSAKSI'!$J$10:$J$1000,1,'TRANSAKSI'!$K$10:$K$1000,TahunSel) | E25: =SUMIFS('TRANSAKSI'!$H$10:$H$1000,'TRANSAKSI'!$E$10:$E$1000,"6.1.02.02",'TRANSAKSI'!$J$10:$J$1000,2,'TRANSAKSI'!$K$10:$K$1000,TahunSel)-SUMIFS('TRANSAKSI'!$I$10:$I$1000,'TRANSAKSI'!$E$10:$E$1000,"6.1.02.02",'TRANSAKSI'!$J$10:$J$1000,2,'TRANSAKSI'!$K$10:$K$1000,TahunSel) | F25: =SUMIFS('TRANSAKSI'!$H$10:$H$1000,'TRANSAKSI'!$E$10:$E$1000,"6.1.02.02",'TRANSAKSI'!$J$10:$J$1000,3,'TRANSAKSI'!$K$10:$K$1000,TahunSel)-SUMIFS('TRANSAKSI'!$I$10:$I$1000,'TRANSAKSI'!$E$10:$E$1000,"6.1.02.02",'TRANSAKSI'!$J$10:$J$1000,3,'TRANSAKSI'!$K$10:$K$1000,TahunSel) | G25: =SUMIFS('TRANSAKSI'!$H$10:$H$1000,'TRANSAKSI'!$E$10:$E$1000,"6.1.02.02",'TRANSAKSI'!$J$10:$J$1000,4,'TRANSAKSI'!$K$10:$K$1000,TahunSel)-SUMIFS('TRANSAKSI'!$I$10:$I$1000,'TRANSAKSI'!$E$10:$E$1000,"6.1.02.02",'TRANSAKSI'!$J$10:$J$1000,4,'TRANSAKSI'!$K$10:$K$1000,TahunSel) | H25: =SUMIFS('TRANSAKSI'!$H$10:$H$1000,'TRANSAKSI'!$E$10:$E$1000,"6.1.02.02",'TRANSAKSI'!$J$10:$J$1000,5,'TRANSAKSI'!$K$10:$K$1000,TahunSel)-SUMIFS('TRANSAKSI'!$I$10:$I$1000,'TRANSAKSI'!$E$10:$E$1000,"6.1.02.02",'TRANSAKSI'!$J$10:$J$1000,5,'TRANSAKSI'!$K$10:$K$1000,TahunSel) | I25: =SUMIFS('TRANSAKSI'!$H$10:$H$1000,'TRANSAKSI'!$E$10:$E$1000,"6.1.02.02",'TRANSAKSI'!$J$10:$J$1000,6,'TRANSAKSI'!$K$10:$K$1000,TahunSel)-SUMIFS('TRANSAKSI'!$I$10:$I$1000,'TRANSAKSI'!$E$10:$E$1000,"6.1.02.02",'TRANSAKSI'!$J$10:$J$1000,6,'TRANSAKSI'!$K$10:$K$1000,TahunSel) | J25: =SUMIFS('TRANSAKSI'!$H$10:$H$1000,'TRANSAKSI'!$E$10:$E$1000,"6.1.02.02",'TRANSAKSI'!$J$10:$J$1000,7,'TRANSAKSI'!$K$10:$K$1000,TahunSel)-SUMIFS('TRANSAKSI'!$I$10:$I$1000,'TRANSAKSI'!$E$10:$E$1000,"6.1.02.02",'TRANSAKSI'!$J$10:$J$1000,7,'TRANSAKSI'!$K$10:$K$1000,TahunSel) | K25: =SUMIFS('TRANSAKSI'!$H$10:$H$1000,'TRANSAKSI'!$E$10:$E$1000,"6.1.02.02",'TRANSAKSI'!$J$10:$J$1000,8,'TRANSAKSI'!$K$10:$K$1000,TahunSel)-SUMIFS('TRANSAKSI'!$I$10:$I$1000,'TRANSAKSI'!$E$10:$E$1000,"6.1.02.02",'TRANSAKSI'!$J$10:$J$1000,8,'TRANSAKSI'!$K$10:$K$1000,TahunSel) | L25: =SUMIFS('TRANSAKSI'!$H$10:$H$1000,'TRANSAKSI'!$E$10:$E$1000,"6.1.02.02",'TRANSAKSI'!$J$10:$J$1000,9,'TRANSAKSI'!$K$10:$K$1000,TahunSel)-SUMIFS('TRANSAKSI'!$I$10:$I$1000,'TRANSAKSI'!$E$10:$E$1000,"6.1.02.02",'TRANSAKSI'!$J$10:$J$1000,9,'TRANSAKSI'!$K$10:$K$1000,TahunSel) | M25: =SUMIFS('TRANSAKSI'!$H$10:$H$1000,'TRANSAKSI'!$E$10:$E$1000,"6.1.02.02",'TRANSAKSI'!$J$10:$J$1000,10,'TRANSAKSI'!$K$10:$K$1000,TahunSel)-SUMIFS('TRANSAKSI'!$I$10:$I$1000,'TRANSAKSI'!$E$10:$E$1000,"6.1.02.02",'TRANSAKSI'!$J$10:$J$1000,10,'TRANSAKSI'!$K$10:$K$1000,TahunSel) | N25: =SUMIFS('TRANSAKSI'!$H$10:$H$1000,'TRANSAKSI'!$E$10:$E$1000,"6.1.02.02",'TRANSAKSI'!$J$10:$J$1000,11,'TRANSAKSI'!$K$10:$K$1000,TahunSel)-SUMIFS('TRANSAKSI'!$I$10:$I$1000,'TRANSAKSI'!$E$10:$E$1000,"6.1.02.02",'TRANSAKSI'!$J$10:$J$1000,11,'TRANSAKSI'!$K$10:$K$1000,TahunSel) | O25: =SUMIFS('TRANSAKSI'!$H$10:$H$1000,'TRANSAKSI'!$E$10:$E$1000,"6.1.02.02",'TRANSAKSI'!$J$10:$J$1000,12,'TRANSAKSI'!$K$10:$K$1000,TahunSel)-SUMIFS('TRANSAKSI'!$I$10:$I$1000,'TRANSAKSI'!$E$10:$E$1000,"6.1.02.02",'TRANSAKSI'!$J$10:$J$1000,12,'TRANSAKSI'!$K$10:$K$1000,TahunSel) | P25: =SUM(D25:O25)
A26: 6.1.02.03 | B26: Beban Konsumsi Rapat | C26: Beban | D26: =SUMIFS('TRANSAKSI'!$H$10:$H$1000,'TRANSAKSI'!$E$10:$E$1000,"6.1.02.03",'TRANSAKSI'!$J$10:$J$1000,1,'TRANSAKSI'!$K$10:$K$1000,TahunSel)-SUMIFS('TRANSAKSI'!$I$10:$I$1000,'TRANSAKSI'!$E$10:$E$1000,"6.1.02.03",'TRANSAKSI'!$J$10:$J$1000,1,'TRANSAKSI'!$K$10:$K$1000,TahunSel) | E26: =SUMIFS('TRANSAKSI'!$H$10:$H$1000,'TRANSAKSI'!$E$10:$E$1000,"6.1.02.03",'TRANSAKSI'!$J$10:$J$1000,2,'TRANSAKSI'!$K$10:$K$1000,TahunSel)-SUMIFS('TRANSAKSI'!$I$10:$I$1000,'TRANSAKSI'!$E$10:$E$1000,"6.1.02.03",'TRANSAKSI'!$J$10:$J$1000,2,'TRANSAKSI'!$K$10:$K$1000,TahunSel) | F26: =SUMIFS('TRANSAKSI'!$H$10:$H$1000,'TRANSAKSI'!$E$10:$E$1000,"6.1.02.03",'TRANSAKSI'!$J$10:$J$1000,3,'TRANSAKSI'!$K$10:$K$1000,TahunSel)-SUMIFS('TRANSAKSI'!$I$10:$I$1000,'TRANSAKSI'!$E$10:$E$1000,"6.1.02.03",'TRANSAKSI'!$J$10:$J$1000,3,'TRANSAKSI'!$K$10:$K$1000,TahunSel) | G26: =SUMIFS('TRANSAKSI'!$H$10:$H$1000,'TRANSAKSI'!$E$10:$E$1000,"6.1.02.03",'TRANSAKSI'!$J$10:$J$1000,4,'TRANSAKSI'!$K$10:$K$1000,TahunSel)-SUMIFS('TRANSAKSI'!$I$10:$I$1000,'TRANSAKSI'!$E$10:$E$1000,"6.1.02.03",'TRANSAKSI'!$J$10:$J$1000,4,'TRANSAKSI'!$K$10:$K$1000,TahunSel) | H26: =SUMIFS('TRANSAKSI'!$H$10:$H$1000,'TRANSAKSI'!$E$10:$E$1000,"6.1.02.03",'TRANSAKSI'!$J$10:$J$1000,5,'TRANSAKSI'!$K$10:$K$1000,TahunSel)-SUMIFS('TRANSAKSI'!$I$10:$I$1000,'TRANSAKSI'!$E$10:$E$1000,"6.1.02.03",'TRANSAKSI'!$J$10:$J$1000,5,'TRANSAKSI'!$K$10:$K$1000,TahunSel) | I26: =SUMIFS('TRANSAKSI'!$H$10:$H$1000,'TRANSAKSI'!$E$10:$E$1000,"6.1.02.03",'TRANSAKSI'!$J$10:$J$1000,6,'TRANSAKSI'!$K$10:$K$1000,TahunSel)-SUMIFS('TRANSAKSI'!$I$10:$I$1000,'TRANSAKSI'!$E$10:$E$1000,"6.1.02.03",'TRANSAKSI'!$J$10:$J$1000,6,'TRANSAKSI'!$K$10:$K$1000,TahunSel) | J26: =SUMIFS('TRANSAKSI'!$H$10:$H$1000,'TRANSAKSI'!$E$10:$E$1000,"6.1.02.03",'TRANSAKSI'!$J$10:$J$1000,7,'TRANSAKSI'!$K$10:$K$1000,TahunSel)-SUMIFS('TRANSAKSI'!$I$10:$I$1000,'TRANSAKSI'!$E$10:$E$1000,"6.1.02.03",'TRANSAKSI'!$J$10:$J$1000,7,'TRANSAKSI'!$K$10:$K$1000,TahunSel) | K26: =SUMIFS('TRANSAKSI'!$H$10:$H$1000,'TRANSAKSI'!$E$10:$E$1000,"6.1.02.03",'TRANSAKSI'!$J$10:$J$1000,8,'TRANSAKSI'!$K$10:$K$1000,TahunSel)-SUMIFS('TRANSAKSI'!$I$10:$I$1000,'TRANSAKSI'!$E$10:$E$1000,"6.1.02.03",'TRANSAKSI'!$J$10:$J$1000,8,'TRANSAKSI'!$K$10:$K$1000,TahunSel) | L26: =SUMIFS('TRANSAKSI'!$H$10:$H$1000,'TRANSAKSI'!$E$10:$E$1000,"6.1.02.03",'TRANSAKSI'!$J$10:$J$1000,9,'TRANSAKSI'!$K$10:$K$1000,TahunSel)-SUMIFS('TRANSAKSI'!$I$10:$I$1000,'TRANSAKSI'!$E$10:$E$1000,"6.1.02.03",'TRANSAKSI'!$J$10:$J$1000,9,'TRANSAKSI'!$K$10:$K$1000,TahunSel) | M26: =SUMIFS('TRANSAKSI'!$H$10:$H$1000,'TRANSAKSI'!$E$10:$E$1000,"6.1.02.03",'TRANSAKSI'!$J$10:$J$1000,10,'TRANSAKSI'!$K$10:$K$1000,TahunSel)-SUMIFS('TRANSAKSI'!$I$10:$I$1000,'TRANSAKSI'!$E$10:$E$1000,"6.1.02.03",'TRANSAKSI'!$J$10:$J$1000,10,'TRANSAKSI'!$K$10:$K$1000,TahunSel) | N26: =SUMIFS('TRANSAKSI'!$H$10:$H$1000,'TRANSAKSI'!$E$10:$E$1000,"6.1.02.03",'TRANSAKSI'!$J$10:$J$1000,11,'TRANSAKSI'!$K$10:$K$1000,TahunSel)-SUMIFS('TRANSAKSI'!$I$10:$I$1000,'TRANSAKSI'!$E$10:$E$1000,"6.1.02.03",'TRANSAKSI'!$J$10:$J$1000,11,'TRANSAKSI'!$K$10:$K$1000,TahunSel) | O26: =SUMIFS('TRANSAKSI'!$H$10:$H$1000,'TRANSAKSI'!$E$10:$E$1000,"6.1.02.03",'TRANSAKSI'!$J$10:$J$1000,12,'TRANSAKSI'!$K$10:$K$1000,TahunSel)-SUMIFS('TRANSAKSI'!$I$10:$I$1000,'TRANSAKSI'!$E$10:$E$1000,"6.1.02.03",'TRANSAKSI'!$J$10:$J$1000,12,'TRANSAKSI'!$K$10:$K$1000,TahunSel) | P26: =SUM(D26:O26)
A27: 6.1.04.01 | B27: Beban Listrik | C27: Beban | D27: =SUMIFS('TRANSAKSI'!$H$10:$H$1000,'TRANSAKSI'!$E$10:$E$1000,"6.1.04.01",'TRANSAKSI'!$J$10:$J$1000,1,'TRANSAKSI'!$K$10:$K$1000,TahunSel)-SUMIFS('TRANSAKSI'!$I$10:$I$1000,'TRANSAKSI'!$E$10:$E$1000,"6.1.04.01",'TRANSAKSI'!$J$10:$J$1000,1,'TRANSAKSI'!$K$10:$K$1000,TahunSel) | E27: =SUMIFS('TRANSAKSI'!$H$10:$H$1000,'TRANSAKSI'!$E$10:$E$1000,"6.1.04.01",'TRANSAKSI'!$J$10:$J$1000,2,'TRANSAKSI'!$K$10:$K$1000,TahunSel)-SUMIFS('TRANSAKSI'!$I$10:$I$1000,'TRANSAKSI'!$E$10:$E$1000,"6.1.04.01",'TRANSAKSI'!$J$10:$J$1000,2,'TRANSAKSI'!$K$10:$K$1000,TahunSel) | F27: =SUMIFS('TRANSAKSI'!$H$10:$H$1000,'TRANSAKSI'!$E$10:$E$1000,"6.1.04.01",'TRANSAKSI'!$J$10:$J$1000,3,'TRANSAKSI'!$K$10:$K$1000,TahunSel)-SUMIFS('TRANSAKSI'!$I$10:$I$1000,'TRANSAKSI'!$E$10:$E$1000,"6.1.04.01",'TRANSAKSI'!$J$10:$J$1000,3,'TRANSAKSI'!$K$10:$K$1000,TahunSel) | G27: =SUMIFS('TRANSAKSI'!$H$10:$H$1000,'TRANSAKSI'!$E$10:$E$1000,"6.1.04.01",'TRANSAKSI'!$J$10:$J$1000,4,'TRANSAKSI'!$K$10:$K$1000,TahunSel)-SUMIFS('TRANSAKSI'!$I$10:$I$1000,'TRANSAKSI'!$E$10:$E$1000,"6.1.04.01",'TRANSAKSI'!$J$10:$J$1000,4,'TRANSAKSI'!$K$10:$K$1000,TahunSel) | H27: =SUMIFS('TRANSAKSI'!$H$10:$H$1000,'TRANSAKSI'!$E$10:$E$1000,"6.1.04.01",'TRANSAKSI'!$J$10:$J$1000,5,'TRANSAKSI'!$K$10:$K$1000,TahunSel)-SUMIFS('TRANSAKSI'!$I$10:$I$1000,'TRANSAKSI'!$E$10:$E$1000,"6.1.04.01",'TRANSAKSI'!$J$10:$J$1000,5,'TRANSAKSI'!$K$10:$K$1000,TahunSel) | I27: =SUMIFS('TRANSAKSI'!$H$10:$H$1000,'TRANSAKSI'!$E$10:$E$1000,"6.1.04.01",'TRANSAKSI'!$J$10:$J$1000,6,'TRANSAKSI'!$K$10:$K$1000,TahunSel)-SUMIFS('TRANSAKSI'!$I$10:$I$1000,'TRANSAKSI'!$E$10:$E$1000,"6.1.04.01",'TRANSAKSI'!$J$10:$J$1000,6,'TRANSAKSI'!$K$10:$K$1000,TahunSel) | J27: =SUMIFS('TRANSAKSI'!$H$10:$H$1000,'TRANSAKSI'!$E$10:$E$1000,"6.1.04.01",'TRANSAKSI'!$J$10:$J$1000,7,'TRANSAKSI'!$K$10:$K$1000,TahunSel)-SUMIFS('TRANSAKSI'!$I$10:$I$1000,'TRANSAKSI'!$E$10:$E$1000,"6.1.04.01",'TRANSAKSI'!$J$10:$J$1000,7,'TRANSAKSI'!$K$10:$K$1000,TahunSel) | K27: =SUMIFS('TRANSAKSI'!$H$10:$H$1000,'TRANSAKSI'!$E$10:$E$1000,"6.1.04.01",'TRANSAKSI'!$J$10:$J$1000,8,'TRANSAKSI'!$K$10:$K$1000,TahunSel)-SUMIFS('TRANSAKSI'!$I$10:$I$1000,'TRANSAKSI'!$E$10:$E$1000,"6.1.04.01",'TRANSAKSI'!$J$10:$J$1000,8,'TRANSAKSI'!$K$10:$K$1000,TahunSel) | L27: =SUMIFS('TRANSAKSI'!$H$10:$H$1000,'TRANSAKSI'!$E$10:$E$1000,"6.1.04.01",'TRANSAKSI'!$J$10:$J$1000,9,'TRANSAKSI'!$K$10:$K$1000,TahunSel)-SUMIFS('TRANSAKSI'!$I$10:$I$1000,'TRANSAKSI'!$E$10:$E$1000,"6.1.04.01",'TRANSAKSI'!$J$10:$J$1000,9,'TRANSAKSI'!$K$10:$K$1000,TahunSel) | M27: =SUMIFS('TRANSAKSI'!$H$10:$H$1000,'TRANSAKSI'!$E$10:$E$1000,"6.1.04.01",'TRANSAKSI'!$J$10:$J$1000,10,'TRANSAKSI'!$K$10:$K$1000,TahunSel)-SUMIFS('TRANSAKSI'!$I$10:$I$1000,'TRANSAKSI'!$E$10:$E$1000,"6.1.04.01",'TRANSAKSI'!$J$10:$J$1000,10,'TRANSAKSI'!$K$10:$K$1000,TahunSel) | N27: =SUMIFS('TRANSAKSI'!$H$10:$H$1000,'TRANSAKSI'!$E$10:$E$1000,"6.1.04.01",'TRANSAKSI'!$J$10:$J$1000,11,'TRANSAKSI'!$K$10:$K$1000,TahunSel)-SUMIFS('TRANSAKSI'!$I$10:$I$1000,'TRANSAKSI'!$E$10:$E$1000,"6.1.04.01",'TRANSAKSI'!$J$10:$J$1000,11,'TRANSAKSI'!$K$10:$K$1000,TahunSel) | O27: =SUMIFS('TRANSAKSI'!$H$10:$H$1000,'TRANSAKSI'!$E$10:$E$1000,"6.1.04.01",'TRANSAKSI'!$J$10:$J$1000,12,'TRANSAKSI'!$K$10:$K$1000,TahunSel)-SUMIFS('TRANSAKSI'!$I$10:$I$1000,'TRANSAKSI'!$E$10:$E$1000,"6.1.04.01",'TRANSAKSI'!$J$10:$J$1000,12,'TRANSAKSI'!$K$10:$K$1000,TahunSel) | P27: =SUM(D27:O27)
A28: 6.1.04.02 | B28: Beban Telepon/Internet | C28: Beban | D28: =SUMIFS('TRANSAKSI'!$H$10:$H$1000,'TRANSAKSI'!$E$10:$E$1000,"6.1.04.02",'TRANSAKSI'!$J$10:$J$1000,1,'TRANSAKSI'!$K$10:$K$1000,TahunSel)-SUMIFS('TRANSAKSI'!$I$10:$I$1000,'TRANSAKSI'!$E$10:$E$1000,"6.1.04.02",'TRANSAKSI'!$J$10:$J$1000,1,'TRANSAKSI'!$K$10:$K$1000,TahunSel) | E28: =SUMIFS('TRANSAKSI'!$H$10:$H$1000,'TRANSAKSI'!$E$10:$E$1000,"6.1.04.02",'TRANSAKSI'!$J$10:$J$1000,2,'TRANSAKSI'!$K$10:$K$1000,TahunSel)-SUMIFS('TRANSAKSI'!$I$10:$I$1000,'TRANSAKSI'!$E$10:$E$1000,"6.1.04.02",'TRANSAKSI'!$J$10:$J$1000,2,'TRANSAKSI'!$K$10:$K$1000,TahunSel) | F28: =SUMIFS('TRANSAKSI'!$H$10:$H$1000,'TRANSAKSI'!$E$10:$E$1000,"6.1.04.02",'TRANSAKSI'!$J$10:$J$1000,3,'TRANSAKSI'!$K$10:$K$1000,TahunSel)-SUMIFS('TRANSAKSI'!$I$10:$I$1000,'TRANSAKSI'!$E$10:$E$1000,"6.1.04.02",'TRANSAKSI'!$J$10:$J$1000,3,'TRANSAKSI'!$K$10:$K$1000,TahunSel) | G28: =SUMIFS('TRANSAKSI'!$H$10:$H$1000,'TRANSAKSI'!$E$10:$E$1000,"6.1.04.02",'TRANSAKSI'!$J$10:$J$1000,4,'TRANSAKSI'!$K$10:$K$1000,TahunSel)-SUMIFS('TRANSAKSI'!$I$10:$I$1000,'TRANSAKSI'!$E$10:$E$1000,"6.1.04.02",'TRANSAKSI'!$J$10:$J$1000,4,'TRANSAKSI'!$K$10:$K$1000,TahunSel) | H28: =SUMIFS('TRANSAKSI'!$H$10:$H$1000,'TRANSAKSI'!$E$10:$E$1000,"6.1.04.02",'TRANSAKSI'!$J$10:$J$1000,5,'TRANSAKSI'!$K$10:$K$1000,TahunSel)-SUMIFS('TRANSAKSI'!$I$10:$I$1000,'TRANSAKSI'!$E$10:$E$1000,"6.1.04.02",'TRANSAKSI'!$J$10:$J$1000,5,'TRANSAKSI'!$K$10:$K$1000,TahunSel) | I28: =SUMIFS('TRANSAKSI'!$H$10:$H$1000,'TRANSAKSI'!$E$10:$E$1000,"6.1.04.02",'TRANSAKSI'!$J$10:$J$1000,6,'TRANSAKSI'!$K$10:$K$1000,TahunSel)-SUMIFS('TRANSAKSI'!$I$10:$I$1000,'TRANSAKSI'!$E$10:$E$1000,"6.1.04.02",'TRANSAKSI'!$J$10:$J$1000,6,'TRANSAKSI'!$K$10:$K$1000,TahunSel) | J28: =SUMIFS('TRANSAKSI'!$H$10:$H$1000,'TRANSAKSI'!$E$10:$E$1000,"6.1.04.02",'TRANSAKSI'!$J$10:$J$1000,7,'TRANSAKSI'!$K$10:$K$1000,TahunSel)-SUMIFS('TRANSAKSI'!$I$10:$I$1000,'TRANSAKSI'!$E$10:$E$1000,"6.1.04.02",'TRANSAKSI'!$J$10:$J$1000,7,'TRANSAKSI'!$K$10:$K$1000,TahunSel) | K28: =SUMIFS('TRANSAKSI'!$H$10:$H$1000,'TRANSAKSI'!$E$10:$E$1000,"6.1.04.02",'TRANSAKSI'!$J$10:$J$1000,8,'TRANSAKSI'!$K$10:$K$1000,TahunSel)-SUMIFS('TRANSAKSI'!$I$10:$I$1000,'TRANSAKSI'!$E$10:$E$1000,"6.1.04.02",'TRANSAKSI'!$J$10:$J$1000,8,'TRANSAKSI'!$K$10:$K$1000,TahunSel) | L28: =SUMIFS('TRANSAKSI'!$H$10:$H$1000,'TRANSAKSI'!$E$10:$E$1000,"6.1.04.02",'TRANSAKSI'!$J$10:$J$1000,9,'TRANSAKSI'!$K$10:$K$1000,TahunSel)-SUMIFS('TRANSAKSI'!$I$10:$I$1000,'TRANSAKSI'!$E$10:$E$1000,"6.1.04.02",'TRANSAKSI'!$J$10:$J$1000,9,'TRANSAKSI'!$K$10:$K$1000,TahunSel) | M28: =SUMIFS('TRANSAKSI'!$H$10:$H$1000,'TRANSAKSI'!$E$10:$E$1000,"6.1.04.02",'TRANSAKSI'!$J$10:$J$1000,10,'TRANSAKSI'!$K$10:$K$1000,TahunSel)-SUMIFS('TRANSAKSI'!$I$10:$I$1000,'TRANSAKSI'!$E$10:$E$1000,"6.1.04.02",'TRANSAKSI'!$J$10:$J$1000,10,'TRANSAKSI'!$K$10:$K$1000,TahunSel) | N28: =SUMIFS('TRANSAKSI'!$H$10:$H$1000,'TRANSAKSI'!$E$10:$E$1000,"6.1.04.02",'TRANSAKSI'!$J$10:$J$1000,11,'TRANSAKSI'!$K$10:$K$1000,TahunSel)-SUMIFS('TRANSAKSI'!$I$10:$I$1000,'TRANSAKSI'!$E$10:$E$1000,"6.1.04.02",'TRANSAKSI'!$J$10:$J$1000,11,'TRANSAKSI'!$K$10:$K$1000,TahunSel) | O28: =SUMIFS('TRANSAKSI'!$H$10:$H$1000,'TRANSAKSI'!$E$10:$E$1000,"6.1.04.02",'TRANSAKSI'!$J$10:$J$1000,12,'TRANSAKSI'!$K$10:$K$1000,TahunSel)-SUMIFS('TRANSAKSI'!$I$10:$I$1000,'TRANSAKSI'!$E$10:$E$1000,"6.1.04.02",'TRANSAKSI'!$J$10:$J$1000,12,'TRANSAKSI'!$K$10:$K$1000,TahunSel) | P28: =SUM(D28:O28)
A29: 6.1.07.02 | B29: Beban Penyusutan Kendaraan | C29: Beban | D29: =SUMIFS('TRANSAKSI'!$H$10:$H$1000,'TRANSAKSI'!$E$10:$E$1000,"6.1.07.02",'TRANSAKSI'!$J$10:$J$1000,1,'TRANSAKSI'!$K$10:$K$1000,TahunSel)-SUMIFS('TRANSAKSI'!$I$10:$I$1000,'TRANSAKSI'!$E$10:$E$1000,"6.1.07.02",'TRANSAKSI'!$J$10:$J$1000,1,'TRANSAKSI'!$K$10:$K$1000,TahunSel) | E29: =SUMIFS('TRANSAKSI'!$H$10:$H$1000,'TRANSAKSI'!$E$10:$E$1000,"6.1.07.02",'TRANSAKSI'!$J$10:$J$1000,2,'TRANSAKSI'!$K$10:$K$1000,TahunSel)-SUMIFS('TRANSAKSI'!$I$10:$I$1000,'TRANSAKSI'!$E$10:$E$1000,"6.1.07.02",'TRANSAKSI'!$J$10:$J$1000,2,'TRANSAKSI'!$K$10:$K$1000,TahunSel) | F29: =SUMIFS('TRANSAKSI'!$H$10:$H$1000,'TRANSAKSI'!$E$10:$E$1000,"6.1.07.02",'TRANSAKSI'!$J$10:$J$1000,3,'TRANSAKSI'!$K$10:$K$1000,TahunSel)-SUMIFS('TRANSAKSI'!$I$10:$I$1000,'TRANSAKSI'!$E$10:$E$1000,"6.1.07.02",'TRANSAKSI'!$J$10:$J$1000,3,'TRANSAKSI'!$K$10:$K$1000,TahunSel) | G29: =SUMIFS('TRANSAKSI'!$H$10:$H$1000,'TRANSAKSI'!$E$10:$E$1000,"6.1.07.02",'TRANSAKSI'!$J$10:$J$1000,4,'TRANSAKSI'!$K$10:$K$1000,TahunSel)-SUMIFS('TRANSAKSI'!$I$10:$I$1000,'TRANSAKSI'!$E$10:$E$1000,"6.1.07.02",'TRANSAKSI'!$J$10:$J$1000,4,'TRANSAKSI'!$K$10:$K$1000,TahunSel) | H29: =SUMIFS('TRANSAKSI'!$H$10:$H$1000,'TRANSAKSI'!$E$10:$E$1000,"6.1.07.02",'TRANSAKSI'!$J$10:$J$1000,5,'TRANSAKSI'!$K$10:$K$1000,TahunSel)-SUMIFS('TRANSAKSI'!$I$10:$I$1000,'TRANSAKSI'!$E$10:$E$1000,"6.1.07.02",'TRANSAKSI'!$J$10:$J$1000,5,'TRANSAKSI'!$K$10:$K$1000,TahunSel) | I29: =SUMIFS('TRANSAKSI'!$H$10:$H$1000,'TRANSAKSI'!$E$10:$E$1000,"6.1.07.02",'TRANSAKSI'!$J$10:$J$1000,6,'TRANSAKSI'!$K$10:$K$1000,TahunSel)-SUMIFS('TRANSAKSI'!$I$10:$I$1000,'TRANSAKSI'!$E$10:$E$1000,"6.1.07.02",'TRANSAKSI'!$J$10:$J$1000,6,'TRANSAKSI'!$K$10:$K$1000,TahunSel) | J29: =SUMIFS('TRANSAKSI'!$H$10:$H$1000,'TRANSAKSI'!$E$10:$E$1000,"6.1.07.02",'TRANSAKSI'!$J$10:$J$1000,7,'TRANSAKSI'!$K$10:$K$1000,TahunSel)-SUMIFS('TRANSAKSI'!$I$10:$I$1000,'TRANSAKSI'!$E$10:$E$1000,"6.1.07.02",'TRANSAKSI'!$J$10:$J$1000,7,'TRANSAKSI'!$K$10:$K$1000,TahunSel) | K29: =SUMIFS('TRANSAKSI'!$H$10:$H$1000,'TRANSAKSI'!$E$10:$E$1000,"6.1.07.02",'TRANSAKSI'!$J$10:$J$1000,8,'TRANSAKSI'!$K$10:$K$1000,TahunSel)-SUMIFS('TRANSAKSI'!$I$10:$I$1000,'TRANSAKSI'!$E$10:$E$1000,"6.1.07.02",'TRANSAKSI'!$J$10:$J$1000,8,'TRANSAKSI'!$K$10:$K$1000,TahunSel) | L29: =SUMIFS('TRANSAKSI'!$H$10:$H$1000,'TRANSAKSI'!$E$10:$E$1000,"6.1.07.02",'TRANSAKSI'!$J$10:$J$1000,9,'TRANSAKSI'!$K$10:$K$1000,TahunSel)-SUMIFS('TRANSAKSI'!$I$10:$I$1000,'TRANSAKSI'!$E$10:$E$1000,"6.1.07.02",'TRANSAKSI'!$J$10:$J$1000,9,'TRANSAKSI'!$K$10:$K$1000,TahunSel) | M29: =SUMIFS('TRANSAKSI'!$H$10:$H$1000,'TRANSAKSI'!$E$10:$E$1000,"6.1.07.02",'TRANSAKSI'!$J$10:$J$1000,10,'TRANSAKSI'!$K$10:$K$1000,TahunSel)-SUMIFS('TRANSAKSI'!$I$10:$I$1000,'TRANSAKSI'!$E$10:$E$1000,"6.1.07.02",'TRANSAKSI'!$J$10:$J$1000,10,'TRANSAKSI'!$K$10:$K$1000,TahunSel) | N29: =SUMIFS('TRANSAKSI'!$H$10:$H$1000,'TRANSAKSI'!$E$10:$E$1000,"6.1.07.02",'TRANSAKSI'!$J$10:$J$1000,11,'TRANSAKSI'!$K$10:$K$1000,TahunSel)-SUMIFS('TRANSAKSI'!$I$10:$I$1000,'TRANSAKSI'!$E$10:$E$1000,"6.1.07.02",'TRANSAKSI'!$J$10:$J$1000,11,'TRANSAKSI'!$K$10:$K$1000,TahunSel) | O29: =SUMIFS('TRANSAKSI'!$H$10:$H$1000,'TRANSAKSI'!$E$10:$E$1000,"6.1.07.02",'TRANSAKSI'!$J$10:$J$1000,12,'TRANSAKSI'!$K$10:$K$1000,TahunSel)-SUMIFS('TRANSAKSI'!$I$10:$I$1000,'TRANSAKSI'!$E$10:$E$1000,"6.1.07.02",'TRANSAKSI'!$J$10:$J$1000,12,'TRANSAKSI'!$K$10:$K$1000,TahunSel) | P29: =SUM(D29:O29)
A30: 6.1.07.03 | B30: Beban Penyusutan Peralatan dan Mesin | C30: Beban | D30: =SUMIFS('TRANSAKSI'!$H$10:$H$1000,'TRANSAKSI'!$E$10:$E$1000,"6.1.07.03",'TRANSAKSI'!$J$10:$J$1000,1,'TRANSAKSI'!$K$10:$K$1000,TahunSel)-SUMIFS('TRANSAKSI'!$I$10:$I$1000,'TRANSAKSI'!$E$10:$E$1000,"6.1.07.03",'TRANSAKSI'!$J$10:$J$1000,1,'TRANSAKSI'!$K$10:$K$1000,TahunSel) | E30: =SUMIFS('TRANSAKSI'!$H$10:$H$1000,'TRANSAKSI'!$E$10:$E$1000,"6.1.07.03",'TRANSAKSI'!$J$10:$J$1000,2,'TRANSAKSI'!$K$10:$K$1000,TahunSel)-SUMIFS('TRANSAKSI'!$I$10:$I$1000,'TRANSAKSI'!$E$10:$E$1000,"6.1.07.03",'TRANSAKSI'!$J$10:$J$1000,2,'TRANSAKSI'!$K$10:$K$1000,TahunSel) | F30: =SUMIFS('TRANSAKSI'!$H$10:$H$1000,'TRANSAKSI'!$E$10:$E$1000,"6.1.07.03",'TRANSAKSI'!$J$10:$J$1000,3,'TRANSAKSI'!$K$10:$K$1000,TahunSel)-SUMIFS('TRANSAKSI'!$I$10:$I$1000,'TRANSAKSI'!$E$10:$E$1000,"6.1.07.03",'TRANSAKSI'!$J$10:$J$1000,3,'TRANSAKSI'!$K$10:$K$1000,TahunSel) | G30: =SUMIFS('TRANSAKSI'!$H$10:$H$1000,'TRANSAKSI'!$E$10:$E$1000,"6.1.07.03",'TRANSAKSI'!$J$10:$J$1000,4,'TRANSAKSI'!$K$10:$K$1000,TahunSel)-SUMIFS('TRANSAKSI'!$I$10:$I$1000,'TRANSAKSI'!$E$10:$E$1000,"6.1.07.03",'TRANSAKSI'!$J$10:$J$1000,4,'TRANSAKSI'!$K$10:$K$1000,TahunSel) | H30: =SUMIFS('TRANSAKSI'!$H$10:$H$1000,'TRANSAKSI'!$E$10:$E$1000,"6.1.07.03",'TRANSAKSI'!$J$10:$J$1000,5,'TRANSAKSI'!$K$10:$K$1000,TahunSel)-SUMIFS('TRANSAKSI'!$I$10:$I$1000,'TRANSAKSI'!$E$10:$E$1000,"6.1.07.03",'TRANSAKSI'!$J$10:$J$1000,5,'TRANSAKSI'!$K$10:$K$1000,TahunSel) | I30: =SUMIFS('TRANSAKSI'!$H$10:$H$1000,'TRANSAKSI'!$E$10:$E$1000,"6.1.07.03",'TRANSAKSI'!$J$10:$J$1000,6,'TRANSAKSI'!$K$10:$K$1000,TahunSel)-SUMIFS('TRANSAKSI'!$I$10:$I$1000,'TRANSAKSI'!$E$10:$E$1000,"6.1.07.03",'TRANSAKSI'!$J$10:$J$1000,6,'TRANSAKSI'!$K$10:$K$1000,TahunSel) | J30: =SUMIFS('TRANSAKSI'!$H$10:$H$1000,'TRANSAKSI'!$E$10:$E$1000,"6.1.07.03",'TRANSAKSI'!$J$10:$J$1000,7,'TRANSAKSI'!$K$10:$K$1000,TahunSel)-SUMIFS('TRANSAKSI'!$I$10:$I$1000,'TRANSAKSI'!$E$10:$E$1000,"6.1.07.03",'TRANSAKSI'!$J$10:$J$1000,7,'TRANSAKSI'!$K$10:$K$1000,TahunSel) | K30: =SUMIFS('TRANSAKSI'!$H$10:$H$1000,'TRANSAKSI'!$E$10:$E$1000,"6.1.07.03",'TRANSAKSI'!$J$10:$J$1000,8,'TRANSAKSI'!$K$10:$K$1000,TahunSel)-SUMIFS('TRANSAKSI'!$I$10:$I$1000,'TRANSAKSI'!$E$10:$E$1000,"6.1.07.03",'TRANSAKSI'!$J$10:$J$1000,8,'TRANSAKSI'!$K$10:$K$1000,TahunSel) | L30: =SUMIFS('TRANSAKSI'!$H$10:$H$1000,'TRANSAKSI'!$E$10:$E$1000,"6.1.07.03",'TRANSAKSI'!$J$10:$J$1000,9,'TRANSAKSI'!$K$10:$K$1000,TahunSel)-SUMIFS('TRANSAKSI'!$I$10:$I$1000,'TRANSAKSI'!$E$10:$E$1000,"6.1.07.03",'TRANSAKSI'!$J$10:$J$1000,9,'TRANSAKSI'!$K$10:$K$1000,TahunSel) | M30: =SUMIFS('TRANSAKSI'!$H$10:$H$1000,'TRANSAKSI'!$E$10:$E$1000,"6.1.07.03",'TRANSAKSI'!$J$10:$J$1000,10,'TRANSAKSI'!$K$10:$K$1000,TahunSel)-SUMIFS('TRANSAKSI'!$I$10:$I$1000,'TRANSAKSI'!$E$10:$E$1000,"6.1.07.03",'TRANSAKSI'!$J$10:$J$1000,10,'TRANSAKSI'!$K$10:$K$1000,TahunSel) | N30: =SUMIFS('TRANSAKSI'!$H$10:$H$1000,'TRANSAKSI'!$E$10:$E$1000,"6.1.07.03",'TRANSAKSI'!$J$10:$J$1000,11,'TRANSAKSI'!$K$10:$K$1000,TahunSel)-SUMIFS('TRANSAKSI'!$I$10:$I$1000,'TRANSAKSI'!$E$10:$E$1000,"6.1.07.03",'TRANSAKSI'!$J$10:$J$1000,11,'TRANSAKSI'!$K$10:$K$1000,TahunSel) | O30: =SUMIFS('TRANSAKSI'!$H$10:$H$1000,'TRANSAKSI'!$E$10:$E$1000,"6.1.07.03",'TRANSAKSI'!$J$10:$J$1000,12,'TRANSAKSI'!$K$10:$K$1000,TahunSel)-SUMIFS('TRANSAKSI'!$I$10:$I$1000,'TRANSAKSI'!$E$10:$E$1000,"6.1.07.03",'TRANSAKSI'!$J$10:$J$1000,12,'TRANSAKSI'!$K$10:$K$1000,TahunSel) | P30: =SUM(D30:O30)
A31: 6.1.07.04 | B31: Beban Penyusutan Meubelair | C31: Beban | D31: =SUMIFS('TRANSAKSI'!$H$10:$H$1000,'TRANSAKSI'!$E$10:$E$1000,"6.1.07.04",'TRANSAKSI'!$J$10:$J$1000,1,'TRANSAKSI'!$K$10:$K$1000,TahunSel)-SUMIFS('TRANSAKSI'!$I$10:$I$1000,'TRANSAKSI'!$E$10:$E$1000,"6.1.07.04",'TRANSAKSI'!$J$10:$J$1000,1,'TRANSAKSI'!$K$10:$K$1000,TahunSel) | E31: =SUMIFS('TRANSAKSI'!$H$10:$H$1000,'TRANSAKSI'!$E$10:$E$1000,"6.1.07.04",'TRANSAKSI'!$J$10:$J$1000,2,'TRANSAKSI'!$K$10:$K$1000,TahunSel)-SUMIFS('TRANSAKSI'!$I$10:$I$1000,'TRANSAKSI'!$E$10:$E$1000,"6.1.07.04",'TRANSAKSI'!$J$10:$J$1000,2,'TRANSAKSI'!$K$10:$K$1000,TahunSel) | F31: =SUMIFS('TRANSAKSI'!$H$10:$H$1000,'TRANSAKSI'!$E$10:$E$1000,"6.1.07.04",'TRANSAKSI'!$J$10:$J$1000,3,'TRANSAKSI'!$K$10:$K$1000,TahunSel)-SUMIFS('TRANSAKSI'!$I$10:$I$1000,'TRANSAKSI'!$E$10:$E$1000,"6.1.07.04",'TRANSAKSI'!$J$10:$J$1000,3,'TRANSAKSI'!$K$10:$K$1000,TahunSel) | G31: =SUMIFS('TRANSAKSI'!$H$10:$H$1000,'TRANSAKSI'!$E$10:$E$1000,"6.1.07.04",'TRANSAKSI'!$J$10:$J$1000,4,'TRANSAKSI'!$K$10:$K$1000,TahunSel)-SUMIFS('TRANSAKSI'!$I$10:$I$1000,'TRANSAKSI'!$E$10:$E$1000,"6.1.07.04",'TRANSAKSI'!$J$10:$J$1000,4,'TRANSAKSI'!$K$10:$K$1000,TahunSel) | H31: =SUMIFS('TRANSAKSI'!$H$10:$H$1000,'TRANSAKSI'!$E$10:$E$1000,"6.1.07.04",'TRANSAKSI'!$J$10:$J$1000,5,'TRANSAKSI'!$K$10:$K$1000,TahunSel)-SUMIFS('TRANSAKSI'!$I$10:$I$1000,'TRANSAKSI'!$E$10:$E$1000,"6.1.07.04",'TRANSAKSI'!$J$10:$J$1000,5,'TRANSAKSI'!$K$10:$K$1000,TahunSel) | I31: =SUMIFS('TRANSAKSI'!$H$10:$H$1000,'TRANSAKSI'!$E$10:$E$1000,"6.1.07.04",'TRANSAKSI'!$J$10:$J$1000,6,'TRANSAKSI'!$K$10:$K$1000,TahunSel)-SUMIFS('TRANSAKSI'!$I$10:$I$1000,'TRANSAKSI'!$E$10:$E$1000,"6.1.07.04",'TRANSAKSI'!$J$10:$J$1000,6,'TRANSAKSI'!$K$10:$K$1000,TahunSel) | J31: =SUMIFS('TRANSAKSI'!$H$10:$H$1000,'TRANSAKSI'!$E$10:$E$1000,"6.1.07.04",'TRANSAKSI'!$J$10:$J$1000,7,'TRANSAKSI'!$K$10:$K$1000,TahunSel)-SUMIFS('TRANSAKSI'!$I$10:$I$1000,'TRANSAKSI'!$E$10:$E$1000,"6.1.07.04",'TRANSAKSI'!$J$10:$J$1000,7,'TRANSAKSI'!$K$10:$K$1000,TahunSel) | K31: =SUMIFS('TRANSAKSI'!$H$10:$H$1000,'TRANSAKSI'!$E$10:$E$1000,"6.1.07.04",'TRANSAKSI'!$J$10:$J$1000,8,'TRANSAKSI'!$K$10:$K$1000,TahunSel)-SUMIFS('TRANSAKSI'!$I$10:$I$1000,'TRANSAKSI'!$E$10:$E$1000,"6.1.07.04",'TRANSAKSI'!$J$10:$J$1000,8,'TRANSAKSI'!$K$10:$K$1000,TahunSel) | L31: =SUMIFS('TRANSAKSI'!$H$10:$H$1000,'TRANSAKSI'!$E$10:$E$1000,"6.1.07.04",'TRANSAKSI'!$J$10:$J$1000,9,'TRANSAKSI'!$K$10:$K$1000,TahunSel)-SUMIFS('TRANSAKSI'!$I$10:$I$1000,'TRANSAKSI'!$E$10:$E$1000,"6.1.07.04",'TRANSAKSI'!$J$10:$J$1000,9,'TRANSAKSI'!$K$10:$K$1000,TahunSel) | M31: =SUMIFS('TRANSAKSI'!$H$10:$H$1000,'TRANSAKSI'!$E$10:$E$1000,"6.1.07.04",'TRANSAKSI'!$J$10:$J$1000,10,'TRANSAKSI'!$K$10:$K$1000,TahunSel)-SUMIFS('TRANSAKSI'!$I$10:$I$1000,'TRANSAKSI'!$E$10:$E$1000,"6.1.07.04",'TRANSAKSI'!$J$10:$J$1000,10,'TRANSAKSI'!$K$10:$K$1000,TahunSel) | N31: =SUMIFS('TRANSAKSI'!$H$10:$H$1000,'TRANSAKSI'!$E$10:$E$1000,"6.1.07.04",'TRANSAKSI'!$J$10:$J$1000,11,'TRANSAKSI'!$K$10:$K$1000,TahunSel)-SUMIFS('TRANSAKSI'!$I$10:$I$1000,'TRANSAKSI'!$E$10:$E$1000,"6.1.07.04",'TRANSAKSI'!$J$10:$J$1000,11,'TRANSAKSI'!$K$10:$K$1000,TahunSel) | O31: =SUMIFS('TRANSAKSI'!$H$10:$H$1000,'TRANSAKSI'!$E$10:$E$1000,"6.1.07.04",'TRANSAKSI'!$J$10:$J$1000,12,'TRANSAKSI'!$K$10:$K$1000,TahunSel)-SUMIFS('TRANSAKSI'!$I$10:$I$1000,'TRANSAKSI'!$E$10:$E$1000,"6.1.07.04",'TRANSAKSI'!$J$10:$J$1000,12,'TRANSAKSI'!$K$10:$K$1000,TahunSel) | P31: =SUM(D31:O31)
A32: 6.1.07.05 | B32: Beban Penyusutan Gedung dan Bangunan | C32: Beban | D32: =SUMIFS('TRANSAKSI'!$H$10:$H$1000,'TRANSAKSI'!$E$10:$E$1000,"6.1.07.05",'TRANSAKSI'!$J$10:$J$1000,1,'TRANSAKSI'!$K$10:$K$1000,TahunSel)-SUMIFS('TRANSAKSI'!$I$10:$I$1000,'TRANSAKSI'!$E$10:$E$1000,"6.1.07.05",'TRANSAKSI'!$J$10:$J$1000,1,'TRANSAKSI'!$K$10:$K$1000,TahunSel) | E32: =SUMIFS('TRANSAKSI'!$H$10:$H$1000,'TRANSAKSI'!$E$10:$E$1000,"6.1.07.05",'TRANSAKSI'!$J$10:$J$1000,2,'TRANSAKSI'!$K$10:$K$1000,TahunSel)-SUMIFS('TRANSAKSI'!$I$10:$I$1000,'TRANSAKSI'!$E$10:$E$1000,"6.1.07.05",'TRANSAKSI'!$J$10:$J$1000,2,'TRANSAKSI'!$K$10:$K$1000,TahunSel) | F32: =SUMIFS('TRANSAKSI'!$H$10:$H$1000,'TRANSAKSI'!$E$10:$E$1000,"6.1.07.05",'TRANSAKSI'!$J$10:$J$1000,3,'TRANSAKSI'!$K$10:$K$1000,TahunSel)-SUMIFS('TRANSAKSI'!$I$10:$I$1000,'TRANSAKSI'!$E$10:$E$1000,"6.1.07.05",'TRANSAKSI'!$J$10:$J$1000,3,'TRANSAKSI'!$K$10:$K$1000,TahunSel) | G32: =SUMIFS('TRANSAKSI'!$H$10:$H$1000,'TRANSAKSI'!$E$10:$E$1000,"6.1.07.05",'TRANSAKSI'!$J$10:$J$1000,4,'TRANSAKSI'!$K$10:$K$1000,TahunSel)-SUMIFS('TRANSAKSI'!$I$10:$I$1000,'TRANSAKSI'!$E$10:$E$1000,"6.1.07.05",'TRANSAKSI'!$J$10:$J$1000,4,'TRANSAKSI'!$K$10:$K$1000,TahunSel) | H32: =SUMIFS('TRANSAKSI'!$H$10:$H$1000,'TRANSAKSI'!$E$10:$E$1000,"6.1.07.05",'TRANSAKSI'!$J$10:$J$1000,5,'TRANSAKSI'!$K$10:$K$1000,TahunSel)-SUMIFS('TRANSAKSI'!$I$10:$I$1000,'TRANSAKSI'!$E$10:$E$1000,"6.1.07.05",'TRANSAKSI'!$J$10:$J$1000,5,'TRANSAKSI'!$K$10:$K$1000,TahunSel) | I32: =SUMIFS('TRANSAKSI'!$H$10:$H$1000,'TRANSAKSI'!$E$10:$E$1000,"6.1.07.05",'TRANSAKSI'!$J$10:$J$1000,6,'TRANSAKSI'!$K$10:$K$1000,TahunSel)-SUMIFS('TRANSAKSI'!$I$10:$I$1000,'TRANSAKSI'!$E$10:$E$1000,"6.1.07.05",'TRANSAKSI'!$J$10:$J$1000,6,'TRANSAKSI'!$K$10:$K$1000,TahunSel) | J32: =SUMIFS('TRANSAKSI'!$H$10:$H$1000,'TRANSAKSI'!$E$10:$E$1000,"6.1.07.05",'TRANSAKSI'!$J$10:$J$1000,7,'TRANSAKSI'!$K$10:$K$1000,TahunSel)-SUMIFS('TRANSAKSI'!$I$10:$I$1000,'TRANSAKSI'!$E$10:$E$1000,"6.1.07.05",'TRANSAKSI'!$J$10:$J$1000,7,'TRANSAKSI'!$K$10:$K$1000,TahunSel) | K32: =SUMIFS('TRANSAKSI'!$H$10:$H$1000,'TRANSAKSI'!$E$10:$E$1000,"6.1.07.05",'TRANSAKSI'!$J$10:$J$1000,8,'TRANSAKSI'!$K$10:$K$1000,TahunSel)-SUMIFS('TRANSAKSI'!$I$10:$I$1000,'TRANSAKSI'!$E$10:$E$1000,"6.1.07.05",'TRANSAKSI'!$J$10:$J$1000,8,'TRANSAKSI'!$K$10:$K$1000,TahunSel) | L32: =SUMIFS('TRANSAKSI'!$H$10:$H$1000,'TRANSAKSI'!$E$10:$E$1000,"6.1.07.05",'TRANSAKSI'!$J$10:$J$1000,9,'TRANSAKSI'!$K$10:$K$1000,TahunSel)-SUMIFS('TRANSAKSI'!$I$10:$I$1000,'TRANSAKSI'!$E$10:$E$1000,"6.1.07.05",'TRANSAKSI'!$J$10:$J$1000,9,'TRANSAKSI'!$K$10:$K$1000,TahunSel) | M32: =SUMIFS('TRANSAKSI'!$H$10:$H$1000,'TRANSAKSI'!$E$10:$E$1000,"6.1.07.05",'TRANSAKSI'!$J$10:$J$1000,10,'TRANSAKSI'!$K$10:$K$1000,TahunSel)-SUMIFS('TRANSAKSI'!$I$10:$I$1000,'TRANSAKSI'!$E$10:$E$1000,"6.1.07.05",'TRANSAKSI'!$J$10:$J$1000,10,'TRANSAKSI'!$K$10:$K$1000,TahunSel) | N32: =SUMIFS('TRANSAKSI'!$H$10:$H$1000,'TRANSAKSI'!$E$10:$E$1000,"6.1.07.05",'TRANSAKSI'!$J$10:$J$1000,11,'TRANSAKSI'!$K$10:$K$1000,TahunSel)-SUMIFS('TRANSAKSI'!$I$10:$I$1000,'TRANSAKSI'!$E$10:$E$1000,"6.1.07.05",'TRANSAKSI'!$J$10:$J$1000,11,'TRANSAKSI'!$K$10:$K$1000,TahunSel) | O32: =SUMIFS('TRANSAKSI'!$H$10:$H$1000,'TRANSAKSI'!$E$10:$E$1000,"6.1.07.05",'TRANSAKSI'!$J$10:$J$1000,12,'TRANSAKSI'!$K$10:$K$1000,TahunSel)-SUMIFS('TRANSAKSI'!$I$10:$I$1000,'TRANSAKSI'!$E$10:$E$1000,"6.1.07.05",'TRANSAKSI'!$J$10:$J$1000,12,'TRANSAKSI'!$K$10:$K$1000,TahunSel) | P32: =SUM(D32:O32)
A33: 6.1.99.03 | B33: Beban Perjalanan Dinas | C33: Beban | D33: =SUMIFS('TRANSAKSI'!$H$10:$H$1000,'TRANSAKSI'!$E$10:$E$1000,"6.1.99.03",'TRANSAKSI'!$J$10:$J$1000,1,'TRANSAKSI'!$K$10:$K$1000,TahunSel)-SUMIFS('TRANSAKSI'!$I$10:$I$1000,'TRANSAKSI'!$E$10:$E$1000,"6.1.99.03",'TRANSAKSI'!$J$10:$J$1000,1,'TRANSAKSI'!$K$10:$K$1000,TahunSel) | E33: =SUMIFS('TRANSAKSI'!$H$10:$H$1000,'TRANSAKSI'!$E$10:$E$1000,"6.1.99.03",'TRANSAKSI'!$J$10:$J$1000,2,'TRANSAKSI'!$K$10:$K$1000,TahunSel)-SUMIFS('TRANSAKSI'!$I$10:$I$1000,'TRANSAKSI'!$E$10:$E$1000,"6.1.99.03",'TRANSAKSI'!$J$10:$J$1000,2,'TRANSAKSI'!$K$10:$K$1000,TahunSel) | F33: =SUMIFS('TRANSAKSI'!$H$10:$H$1000,'TRANSAKSI'!$E$10:$E$1000,"6.1.99.03",'TRANSAKSI'!$J$10:$J$1000,3,'TRANSAKSI'!$K$10:$K$1000,TahunSel)-SUMIFS('TRANSAKSI'!$I$10:$I$1000,'TRANSAKSI'!$E$10:$E$1000,"6.1.99.03",'TRANSAKSI'!$J$10:$J$1000,3,'TRANSAKSI'!$K$10:$K$1000,TahunSel) | G33: =SUMIFS('TRANSAKSI'!$H$10:$H$1000,'TRANSAKSI'!$E$10:$E$1000,"6.1.99.03",'TRANSAKSI'!$J$10:$J$1000,4,'TRANSAKSI'!$K$10:$K$1000,TahunSel)-SUMIFS('TRANSAKSI'!$I$10:$I$1000,'TRANSAKSI'!$E$10:$E$1000,"6.1.99.03",'TRANSAKSI'!$J$10:$J$1000,4,'TRANSAKSI'!$K$10:$K$1000,TahunSel) | H33: =SUMIFS('TRANSAKSI'!$H$10:$H$1000,'TRANSAKSI'!$E$10:$E$1000,"6.1.99.03",'TRANSAKSI'!$J$10:$J$1000,5,'TRANSAKSI'!$K$10:$K$1000,TahunSel)-SUMIFS('TRANSAKSI'!$I$10:$I$1000,'TRANSAKSI'!$E$10:$E$1000,"6.1.99.03",'TRANSAKSI'!$J$10:$J$1000,5,'TRANSAKSI'!$K$10:$K$1000,TahunSel) | I33: =SUMIFS('TRANSAKSI'!$H$10:$H$1000,'TRANSAKSI'!$E$10:$E$1000,"6.1.99.03",'TRANSAKSI'!$J$10:$J$1000,6,'TRANSAKSI'!$K$10:$K$1000,TahunSel)-SUMIFS('TRANSAKSI'!$I$10:$I$1000,'TRANSAKSI'!$E$10:$E$1000,"6.1.99.03",'TRANSAKSI'!$J$10:$J$1000,6,'TRANSAKSI'!$K$10:$K$1000,TahunSel) | J33: =SUMIFS('TRANSAKSI'!$H$10:$H$1000,'TRANSAKSI'!$E$10:$E$1000,"6.1.99.03",'TRANSAKSI'!$J$10:$J$1000,7,'TRANSAKSI'!$K$10:$K$1000,TahunSel)-SUMIFS('TRANSAKSI'!$I$10:$I$1000,'TRANSAKSI'!$E$10:$E$1000,"6.1.99.03",'TRANSAKSI'!$J$10:$J$1000,7,'TRANSAKSI'!$K$10:$K$1000,TahunSel) | K33: =SUMIFS('TRANSAKSI'!$H$10:$H$1000,'TRANSAKSI'!$E$10:$E$1000,"6.1.99.03",'TRANSAKSI'!$J$10:$J$1000,8,'TRANSAKSI'!$K$10:$K$1000,TahunSel)-SUMIFS('TRANSAKSI'!$I$10:$I$1000,'TRANSAKSI'!$E$10:$E$1000,"6.1.99.03",'TRANSAKSI'!$J$10:$J$1000,8,'TRANSAKSI'!$K$10:$K$1000,TahunSel) | L33: =SUMIFS('TRANSAKSI'!$H$10:$H$1000,'TRANSAKSI'!$E$10:$E$1000,"6.1.99.03",'TRANSAKSI'!$J$10:$J$1000,9,'TRANSAKSI'!$K$10:$K$1000,TahunSel)-SUMIFS('TRANSAKSI'!$I$10:$I$1000,'TRANSAKSI'!$E$10:$E$1000,"6.1.99.03",'TRANSAKSI'!$J$10:$J$1000,9,'TRANSAKSI'!$K$10:$K$1000,TahunSel) | M33: =SUMIFS('TRANSAKSI'!$H$10:$H$1000,'TRANSAKSI'!$E$10:$E$1000,"6.1.99.03",'TRANSAKSI'!$J$10:$J$1000,10,'TRANSAKSI'!$K$10:$K$1000,TahunSel)-SUMIFS('TRANSAKSI'!$I$10:$I$1000,'TRANSAKSI'!$E$10:$E$1000,"6.1.99.03",'TRANSAKSI'!$J$10:$J$1000,10,'TRANSAKSI'!$K$10:$K$1000,TahunSel) | N33: =SUMIFS('TRANSAKSI'!$H$10:$H$1000,'TRANSAKSI'!$E$10:$E$1000,"6.1.99.03",'TRANSAKSI'!$J$10:$J$1000,11,'TRANSAKSI'!$K$10:$K$1000,TahunSel)-SUMIFS('TRANSAKSI'!$I$10:$I$1000,'TRANSAKSI'!$E$10:$E$1000,"6.1.99.03",'TRANSAKSI'!$J$10:$J$1000,11,'TRANSAKSI'!$K$10:$K$1000,TahunSel) | O33: =SUMIFS('TRANSAKSI'!$H$10:$H$1000,'TRANSAKSI'!$E$10:$E$1000,"6.1.99.03",'TRANSAKSI'!$J$10:$J$1000,12,'TRANSAKSI'!$K$10:$K$1000,TahunSel)-SUMIFS('TRANSAKSI'!$I$10:$I$1000,'TRANSAKSI'!$E$10:$E$1000,"6.1.99.03",'TRANSAKSI'!$J$10:$J$1000,12,'TRANSAKSI'!$K$10:$K$1000,TahunSel) | P33: =SUM(D33:O33)
A34: 6.1.99.05 | B34: Beban Jamuan Tamu | C34: Beban | D34: =SUMIFS('TRANSAKSI'!$H$10:$H$1000,'TRANSAKSI'!$E$10:$E$1000,"6.1.99.05",'TRANSAKSI'!$J$10:$J$1000,1,'TRANSAKSI'!$K$10:$K$1000,TahunSel)-SUMIFS('TRANSAKSI'!$I$10:$I$1000,'TRANSAKSI'!$E$10:$E$1000,"6.1.99.05",'TRANSAKSI'!$J$10:$J$1000,1,'TRANSAKSI'!$K$10:$K$1000,TahunSel) | E34: =SUMIFS('TRANSAKSI'!$H$10:$H$1000,'TRANSAKSI'!$E$10:$E$1000,"6.1.99.05",'TRANSAKSI'!$J$10:$J$1000,2,'TRANSAKSI'!$K$10:$K$1000,TahunSel)-SUMIFS('TRANSAKSI'!$I$10:$I$1000,'TRANSAKSI'!$E$10:$E$1000,"6.1.99.05",'TRANSAKSI'!$J$10:$J$1000,2,'TRANSAKSI'!$K$10:$K$1000,TahunSel) | F34: =SUMIFS('TRANSAKSI'!$H$10:$H$1000,'TRANSAKSI'!$E$10:$E$1000,"6.1.99.05",'TRANSAKSI'!$J$10:$J$1000,3,'TRANSAKSI'!$K$10:$K$1000,TahunSel)-SUMIFS('TRANSAKSI'!$I$10:$I$1000,'TRANSAKSI'!$E$10:$E$1000,"6.1.99.05",'TRANSAKSI'!$J$10:$J$1000,3,'TRANSAKSI'!$K$10:$K$1000,TahunSel) | G34: =SUMIFS('TRANSAKSI'!$H$10:$H$1000,'TRANSAKSI'!$E$10:$E$1000,"6.1.99.05",'TRANSAKSI'!$J$10:$J$1000,4,'TRANSAKSI'!$K$10:$K$1000,TahunSel)-SUMIFS('TRANSAKSI'!$I$10:$I$1000,'TRANSAKSI'!$E$10:$E$1000,"6.1.99.05",'TRANSAKSI'!$J$10:$J$1000,4,'TRANSAKSI'!$K$10:$K$1000,TahunSel) | H34: =SUMIFS('TRANSAKSI'!$H$10:$H$1000,'TRANSAKSI'!$E$10:$E$1000,"6.1.99.05",'TRANSAKSI'!$J$10:$J$1000,5,'TRANSAKSI'!$K$10:$K$1000,TahunSel)-SUMIFS('TRANSAKSI'!$I$10:$I$1000,'TRANSAKSI'!$E$10:$E$1000,"6.1.99.05",'TRANSAKSI'!$J$10:$J$1000,5,'TRANSAKSI'!$K$10:$K$1000,TahunSel) | I34: =SUMIFS('TRANSAKSI'!$H$10:$H$1000,'TRANSAKSI'!$E$10:$E$1000,"6.1.99.05",'TRANSAKSI'!$J$10:$J$1000,6,'TRANSAKSI'!$K$10:$K$1000,TahunSel)-SUMIFS('TRANSAKSI'!$I$10:$I$1000,'TRANSAKSI'!$E$10:$E$1000,"6.1.99.05",'TRANSAKSI'!$J$10:$J$1000,6,'TRANSAKSI'!$K$10:$K$1000,TahunSel) | J34: =SUMIFS('TRANSAKSI'!$H$10:$H$1000,'TRANSAKSI'!$E$10:$E$1000,"6.1.99.05",'TRANSAKSI'!$J$10:$J$1000,7,'TRANSAKSI'!$K$10:$K$1000,TahunSel)-SUMIFS('TRANSAKSI'!$I$10:$I$1000,'TRANSAKSI'!$E$10:$E$1000,"6.1.99.05",'TRANSAKSI'!$J$10:$J$1000,7,'TRANSAKSI'!$K$10:$K$1000,TahunSel) | K34: =SUMIFS('TRANSAKSI'!$H$10:$H$1000,'TRANSAKSI'!$E$10:$E$1000,"6.1.99.05",'TRANSAKSI'!$J$10:$J$1000,8,'TRANSAKSI'!$K$10:$K$1000,TahunSel)-SUMIFS('TRANSAKSI'!$I$10:$I$1000,'TRANSAKSI'!$E$10:$E$1000,"6.1.99.05",'TRANSAKSI'!$J$10:$J$1000,8,'TRANSAKSI'!$K$10:$K$1000,TahunSel) | L34: =SUMIFS('TRANSAKSI'!$H$10:$H$1000,'TRANSAKSI'!$E$10:$E$1000,"6.1.99.05",'TRANSAKSI'!$J$10:$J$1000,9,'TRANSAKSI'!$K$10:$K$1000,TahunSel)-SUMIFS('TRANSAKSI'!$I$10:$I$1000,'TRANSAKSI'!$E$10:$E$1000,"6.1.99.05",'TRANSAKSI'!$J$10:$J$1000,9,'TRANSAKSI'!$K$10:$K$1000,TahunSel) | M34: =SUMIFS('TRANSAKSI'!$H$10:$H$1000,'TRANSAKSI'!$E$10:$E$1000,"6.1.99.05",'TRANSAKSI'!$J$10:$J$1000,10,'TRANSAKSI'!$K$10:$K$1000,TahunSel)-SUMIFS('TRANSAKSI'!$I$10:$I$1000,'TRANSAKSI'!$E$10:$E$1000,"6.1.99.05",'TRANSAKSI'!$J$10:$J$1000,10,'TRANSAKSI'!$K$10:$K$1000,TahunSel) | N34: =SUMIFS('TRANSAKSI'!$H$10:$H$1000,'TRANSAKSI'!$E$10:$E$1000,"6.1.99.05",'TRANSAKSI'!$J$10:$J$1000,11,'TRANSAKSI'!$K$10:$K$1000,TahunSel)-SUMIFS('TRANSAKSI'!$I$10:$I$1000,'TRANSAKSI'!$E$10:$E$1000,"6.1.99.05",'TRANSAKSI'!$J$10:$J$1000,11,'TRANSAKSI'!$K$10:$K$1000,TahunSel) | O34: =SUMIFS('TRANSAKSI'!$H$10:$H$1000,'TRANSAKSI'!$E$10:$E$1000,"6.1.99.05",'TRANSAKSI'!$J$10:$J$1000,12,'TRANSAKSI'!$K$10:$K$1000,TahunSel)-SUMIFS('TRANSAKSI'!$I$10:$I$1000,'TRANSAKSI'!$E$10:$E$1000,"6.1.99.05",'TRANSAKSI'!$J$10:$J$1000,12,'TRANSAKSI'!$K$10:$K$1000,TahunSel) | P34: =SUM(D34:O34)
A35: 6.2.01.03 | B35: Beban Gaji Penasihat | C35: Beban | D35: =SUMIFS('TRANSAKSI'!$H$10:$H$1000,'TRANSAKSI'!$E$10:$E$1000,"6.2.01.03",'TRANSAKSI'!$J$10:$J$1000,1,'TRANSAKSI'!$K$10:$K$1000,TahunSel)-SUMIFS('TRANSAKSI'!$I$10:$I$1000,'TRANSAKSI'!$E$10:$E$1000,"6.2.01.03",'TRANSAKSI'!$J$10:$J$1000,1,'TRANSAKSI'!$K$10:$K$1000,TahunSel) | E35: =SUMIFS('TRANSAKSI'!$H$10:$H$1000,'TRANSAKSI'!$E$10:$E$1000,"6.2.01.03",'TRANSAKSI'!$J$10:$J$1000,2,'TRANSAKSI'!$K$10:$K$1000,TahunSel)-SUMIFS('TRANSAKSI'!$I$10:$I$1000,'TRANSAKSI'!$E$10:$E$1000,"6.2.01.03",'TRANSAKSI'!$J$10:$J$1000,2,'TRANSAKSI'!$K$10:$K$1000,TahunSel) | F35: =SUMIFS('TRANSAKSI'!$H$10:$H$1000,'TRANSAKSI'!$E$10:$E$1000,"6.2.01.03",'TRANSAKSI'!$J$10:$J$1000,3,'TRANSAKSI'!$K$10:$K$1000,TahunSel)-SUMIFS('TRANSAKSI'!$I$10:$I$1000,'TRANSAKSI'!$E$10:$E$1000,"6.2.01.03",'TRANSAKSI'!$J$10:$J$1000,3,'TRANSAKSI'!$K$10:$K$1000,TahunSel) | G35: =SUMIFS('TRANSAKSI'!$H$10:$H$1000,'TRANSAKSI'!$E$10:$E$1000,"6.2.01.03",'TRANSAKSI'!$J$10:$J$1000,4,'TRANSAKSI'!$K$10:$K$1000,TahunSel)-SUMIFS('TRANSAKSI'!$I$10:$I$1000,'TRANSAKSI'!$E$10:$E$1000,"6.2.01.03",'TRANSAKSI'!$J$10:$J$1000,4,'TRANSAKSI'!$K$10:$K$1000,TahunSel) | H35: =SUMIFS('TRANSAKSI'!$H$10:$H$1000,'TRANSAKSI'!$E$10:$E$1000,"6.2.01.03",'TRANSAKSI'!$J$10:$J$1000,5,'TRANSAKSI'!$K$10:$K$1000,TahunSel)-SUMIFS('TRANSAKSI'!$I$10:$I$1000,'TRANSAKSI'!$E$10:$E$1000,"6.2.01.03",'TRANSAKSI'!$J$10:$J$1000,5,'TRANSAKSI'!$K$10:$K$1000,TahunSel) | I35: =SUMIFS('TRANSAKSI'!$H$10:$H$1000,'TRANSAKSI'!$E$10:$E$1000,"6.2.01.03",'TRANSAKSI'!$J$10:$J$1000,6,'TRANSAKSI'!$K$10:$K$1000,TahunSel)-SUMIFS('TRANSAKSI'!$I$10:$I$1000,'TRANSAKSI'!$E$10:$E$1000,"6.2.01.03",'TRANSAKSI'!$J$10:$J$1000,6,'TRANSAKSI'!$K$10:$K$1000,TahunSel) | J35: =SUMIFS('TRANSAKSI'!$H$10:$H$1000,'TRANSAKSI'!$E$10:$E$1000,"6.2.01.03",'TRANSAKSI'!$J$10:$J$1000,7,'TRANSAKSI'!$K$10:$K$1000,TahunSel)-SUMIFS('TRANSAKSI'!$I$10:$I$1000,'TRANSAKSI'!$E$10:$E$1000,"6.2.01.03",'TRANSAKSI'!$J$10:$J$1000,7,'TRANSAKSI'!$K$10:$K$1000,TahunSel) | K35: =SUMIFS('TRANSAKSI'!$H$10:$H$1000,'TRANSAKSI'!$E$10:$E$1000,"6.2.01.03",'TRANSAKSI'!$J$10:$J$1000,8,'TRANSAKSI'!$K$10:$K$1000,TahunSel)-SUMIFS('TRANSAKSI'!$I$10:$I$1000,'TRANSAKSI'!$E$10:$E$1000,"6.2.01.03",'TRANSAKSI'!$J$10:$J$1000,8,'TRANSAKSI'!$K$10:$K$1000,TahunSel) | L35: =SUMIFS('TRANSAKSI'!$H$10:$H$1000,'TRANSAKSI'!$E$10:$E$1000,"6.2.01.03",'TRANSAKSI'!$J$10:$J$1000,9,'TRANSAKSI'!$K$10:$K$1000,TahunSel)-SUMIFS('TRANSAKSI'!$I$10:$I$1000,'TRANSAKSI'!$E$10:$E$1000,"6.2.01.03",'TRANSAKSI'!$J$10:$J$1000,9,'TRANSAKSI'!$K$10:$K$1000,TahunSel) | M35: =SUMIFS('TRANSAKSI'!$H$10:$H$1000,'TRANSAKSI'!$E$10:$E$1000,"6.2.01.03",'TRANSAKSI'!$J$10:$J$1000,10,'TRANSAKSI'!$K$10:$K$1000,TahunSel)-SUMIFS('TRANSAKSI'!$I$10:$I$1000,'TRANSAKSI'!$E$10:$E$1000,"6.2.01.03",'TRANSAKSI'!$J$10:$J$1000,10,'TRANSAKSI'!$K$10:$K$1000,TahunSel) | N35: =SUMIFS('TRANSAKSI'!$H$10:$H$1000,'TRANSAKSI'!$E$10:$E$1000,"6.2.01.03",'TRANSAKSI'!$J$10:$J$1000,11,'TRANSAKSI'!$K$10:$K$1000,TahunSel)-SUMIFS('TRANSAKSI'!$I$10:$I$1000,'TRANSAKSI'!$E$10:$E$1000,"6.2.01.03",'TRANSAKSI'!$J$10:$J$1000,11,'TRANSAKSI'!$K$10:$K$1000,TahunSel) | O35: =SUMIFS('TRANSAKSI'!$H$10:$H$1000,'TRANSAKSI'!$E$10:$E$1000,"6.2.01.03",'TRANSAKSI'!$J$10:$J$1000,12,'TRANSAKSI'!$K$10:$K$1000,TahunSel)-SUMIFS('TRANSAKSI'!$I$10:$I$1000,'TRANSAKSI'!$E$10:$E$1000,"6.2.01.03",'TRANSAKSI'!$J$10:$J$1000,12,'TRANSAKSI'!$K$10:$K$1000,TahunSel) | P35: =SUM(D35:O35)
A36: 6.2.01.04 | B36: Beban Gaji Pengawas | C36: Beban | D36: =SUMIFS('TRANSAKSI'!$H$10:$H$1000,'TRANSAKSI'!$E$10:$E$1000,"6.2.01.04",'TRANSAKSI'!$J$10:$J$1000,1,'TRANSAKSI'!$K$10:$K$1000,TahunSel)-SUMIFS('TRANSAKSI'!$I$10:$I$1000,'TRANSAKSI'!$E$10:$E$1000,"6.2.01.04",'TRANSAKSI'!$J$10:$J$1000,1,'TRANSAKSI'!$K$10:$K$1000,TahunSel) | E36: =SUMIFS('TRANSAKSI'!$H$10:$H$1000,'TRANSAKSI'!$E$10:$E$1000,"6.2.01.04",'TRANSAKSI'!$J$10:$J$1000,2,'TRANSAKSI'!$K$10:$K$1000,TahunSel)-SUMIFS('TRANSAKSI'!$I$10:$I$1000,'TRANSAKSI'!$E$10:$E$1000,"6.2.01.04",'TRANSAKSI'!$J$10:$J$1000,2,'TRANSAKSI'!$K$10:$K$1000,TahunSel) | F36: =SUMIFS('TRANSAKSI'!$H$10:$H$1000,'TRANSAKSI'!$E$10:$E$1000,"6.2.01.04",'TRANSAKSI'!$J$10:$J$1000,3,'TRANSAKSI'!$K$10:$K$1000,TahunSel)-SUMIFS('TRANSAKSI'!$I$10:$I$1000,'TRANSAKSI'!$E$10:$E$1000,"6.2.01.04",'TRANSAKSI'!$J$10:$J$1000,3,'TRANSAKSI'!$K$10:$K$1000,TahunSel) | G36: =SUMIFS('TRANSAKSI'!$H$10:$H$1000,'TRANSAKSI'!$E$10:$E$1000,"6.2.01.04",'TRANSAKSI'!$J$10:$J$1000,4,'TRANSAKSI'!$K$10:$K$1000,TahunSel)-SUMIFS('TRANSAKSI'!$I$10:$I$1000,'TRANSAKSI'!$E$10:$E$1000,"6.2.01.04",'TRANSAKSI'!$J$10:$J$1000,4,'TRANSAKSI'!$K$10:$K$1000,TahunSel) | H36: =SUMIFS('TRANSAKSI'!$H$10:$H$1000,'TRANSAKSI'!$E$10:$E$1000,"6.2.01.04",'TRANSAKSI'!$J$10:$J$1000,5,'TRANSAKSI'!$K$10:$K$1000,TahunSel)-SUMIFS('TRANSAKSI'!$I$10:$I$1000,'TRANSAKSI'!$E$10:$E$1000,"6.2.01.04",'TRANSAKSI'!$J$10:$J$1000,5,'TRANSAKSI'!$K$10:$K$1000,TahunSel) | I36: =SUMIFS('TRANSAKSI'!$H$10:$H$1000,'TRANSAKSI'!$E$10:$E$1000,"6.2.01.04",'TRANSAKSI'!$J$10:$J$1000,6,'TRANSAKSI'!$K$10:$K$1000,TahunSel)-SUMIFS('TRANSAKSI'!$I$10:$I$1000,'TRANSAKSI'!$E$10:$E$1000,"6.2.01.04",'TRANSAKSI'!$J$10:$J$1000,6,'TRANSAKSI'!$K$10:$K$1000,TahunSel) | J36: =SUMIFS('TRANSAKSI'!$H$10:$H$1000,'TRANSAKSI'!$E$10:$E$1000,"6.2.01.04",'TRANSAKSI'!$J$10:$J$1000,7,'TRANSAKSI'!$K$10:$K$1000,TahunSel)-SUMIFS('TRANSAKSI'!$I$10:$I$1000,'TRANSAKSI'!$E$10:$E$1000,"6.2.01.04",'TRANSAKSI'!$J$10:$J$1000,7,'TRANSAKSI'!$K$10:$K$1000,TahunSel) | K36: =SUMIFS('TRANSAKSI'!$H$10:$H$1000,'TRANSAKSI'!$E$10:$E$1000,"6.2.01.04",'TRANSAKSI'!$J$10:$J$1000,8,'TRANSAKSI'!$K$10:$K$1000,TahunSel)-SUMIFS('TRANSAKSI'!$I$10:$I$1000,'TRANSAKSI'!$E$10:$E$1000,"6.2.01.04",'TRANSAKSI'!$J$10:$J$1000,8,'TRANSAKSI'!$K$10:$K$1000,TahunSel) | L36: =SUMIFS('TRANSAKSI'!$H$10:$H$1000,'TRANSAKSI'!$E$10:$E$1000,"6.2.01.04",'TRANSAKSI'!$J$10:$J$1000,9,'TRANSAKSI'!$K$10:$K$1000,TahunSel)-SUMIFS('TRANSAKSI'!$I$10:$I$1000,'TRANSAKSI'!$E$10:$E$1000,"6.2.01.04",'TRANSAKSI'!$J$10:$J$1000,9,'TRANSAKSI'!$K$10:$K$1000,TahunSel) | M36: =SUMIFS('TRANSAKSI'!$H$10:$H$1000,'TRANSAKSI'!$E$10:$E$1000,"6.2.01.04",'TRANSAKSI'!$J$10:$J$1000,10,'TRANSAKSI'!$K$10:$K$1000,TahunSel)-SUMIFS('TRANSAKSI'!$I$10:$I$1000,'TRANSAKSI'!$E$10:$E$1000,"6.2.01.04",'TRANSAKSI'!$J$10:$J$1000,10,'TRANSAKSI'!$K$10:$K$1000,TahunSel) | N36: =SUMIFS('TRANSAKSI'!$H$10:$H$1000,'TRANSAKSI'!$E$10:$E$1000,"6.2.01.04",'TRANSAKSI'!$J$10:$J$1000,11,'TRANSAKSI'!$K$10:$K$1000,TahunSel)-SUMIFS('TRANSAKSI'!$I$10:$I$1000,'TRANSAKSI'!$E$10:$E$1000,"6.2.01.04",'TRANSAKSI'!$J$10:$J$1000,11,'TRANSAKSI'!$K$10:$K$1000,TahunSel) | O36: =SUMIFS('TRANSAKSI'!$H$10:$H$1000,'TRANSAKSI'!$E$10:$E$1000,"6.2.01.04",'TRANSAKSI'!$J$10:$J$1000,12,'TRANSAKSI'!$K$10:$K$1000,TahunSel)-SUMIFS('TRANSAKSI'!$I$10:$I$1000,'TRANSAKSI'!$E$10:$E$1000,"6.2.01.04",'TRANSAKSI'!$J$10:$J$1000,12,'TRANSAKSI'!$K$10:$K$1000,TahunSel) | P36: =SUM(D36:O36)
A37: 6.2.01.05 | B37: Beban Gaji Direktur | C37: Beban | D37: =SUMIFS('TRANSAKSI'!$H$10:$H$1000,'TRANSAKSI'!$E$10:$E$1000,"6.2.01.05",'TRANSAKSI'!$J$10:$J$1000,1,'TRANSAKSI'!$K$10:$K$1000,TahunSel)-SUMIFS('TRANSAKSI'!$I$10:$I$1000,'TRANSAKSI'!$E$10:$E$1000,"6.2.01.05",'TRANSAKSI'!$J$10:$J$1000,1,'TRANSAKSI'!$K$10:$K$1000,TahunSel) | E37: =SUMIFS('TRANSAKSI'!$H$10:$H$1000,'TRANSAKSI'!$E$10:$E$1000,"6.2.01.05",'TRANSAKSI'!$J$10:$J$1000,2,'TRANSAKSI'!$K$10:$K$1000,TahunSel)-SUMIFS('TRANSAKSI'!$I$10:$I$1000,'TRANSAKSI'!$E$10:$E$1000,"6.2.01.05",'TRANSAKSI'!$J$10:$J$1000,2,'TRANSAKSI'!$K$10:$K$1000,TahunSel) | F37: =SUMIFS('TRANSAKSI'!$H$10:$H$1000,'TRANSAKSI'!$E$10:$E$1000,"6.2.01.05",'TRANSAKSI'!$J$10:$J$1000,3,'TRANSAKSI'!$K$10:$K$1000,TahunSel)-SUMIFS('TRANSAKSI'!$I$10:$I$1000,'TRANSAKSI'!$E$10:$E$1000,"6.2.01.05",'TRANSAKSI'!$J$10:$J$1000,3,'TRANSAKSI'!$K$10:$K$1000,TahunSel) | G37: =SUMIFS('TRANSAKSI'!$H$10:$H$1000,'TRANSAKSI'!$E$10:$E$1000,"6.2.01.05",'TRANSAKSI'!$J$10:$J$1000,4,'TRANSAKSI'!$K$10:$K$1000,TahunSel)-SUMIFS('TRANSAKSI'!$I$10:$I$1000,'TRANSAKSI'!$E$10:$E$1000,"6.2.01.05",'TRANSAKSI'!$J$10:$J$1000,4,'TRANSAKSI'!$K$10:$K$1000,TahunSel) | H37: =SUMIFS('TRANSAKSI'!$H$10:$H$1000,'TRANSAKSI'!$E$10:$E$1000,"6.2.01.05",'TRANSAKSI'!$J$10:$J$1000,5,'TRANSAKSI'!$K$10:$K$1000,TahunSel)-SUMIFS('TRANSAKSI'!$I$10:$I$1000,'TRANSAKSI'!$E$10:$E$1000,"6.2.01.05",'TRANSAKSI'!$J$10:$J$1000,5,'TRANSAKSI'!$K$10:$K$1000,TahunSel) | I37: =SUMIFS('TRANSAKSI'!$H$10:$H$1000,'TRANSAKSI'!$E$10:$E$1000,"6.2.01.05",'TRANSAKSI'!$J$10:$J$1000,6,'TRANSAKSI'!$K$10:$K$1000,TahunSel)-SUMIFS('TRANSAKSI'!$I$10:$I$1000,'TRANSAKSI'!$E$10:$E$1000,"6.2.01.05",'TRANSAKSI'!$J$10:$J$1000,6,'TRANSAKSI'!$K$10:$K$1000,TahunSel) | J37: =SUMIFS('TRANSAKSI'!$H$10:$H$1000,'TRANSAKSI'!$E$10:$E$1000,"6.2.01.05",'TRANSAKSI'!$J$10:$J$1000,7,'TRANSAKSI'!$K$10:$K$1000,TahunSel)-SUMIFS('TRANSAKSI'!$I$10:$I$1000,'TRANSAKSI'!$E$10:$E$1000,"6.2.01.05",'TRANSAKSI'!$J$10:$J$1000,7,'TRANSAKSI'!$K$10:$K$1000,TahunSel) | K37: =SUMIFS('TRANSAKSI'!$H$10:$H$1000,'TRANSAKSI'!$E$10:$E$1000,"6.2.01.05",'TRANSAKSI'!$J$10:$J$1000,8,'TRANSAKSI'!$K$10:$K$1000,TahunSel)-SUMIFS('TRANSAKSI'!$I$10:$I$1000,'TRANSAKSI'!$E$10:$E$1000,"6.2.01.05",'TRANSAKSI'!$J$10:$J$1000,8,'TRANSAKSI'!$K$10:$K$1000,TahunSel) | L37: =SUMIFS('TRANSAKSI'!$H$10:$H$1000,'TRANSAKSI'!$E$10:$E$1000,"6.2.01.05",'TRANSAKSI'!$J$10:$J$1000,9,'TRANSAKSI'!$K$10:$K$1000,TahunSel)-SUMIFS('TRANSAKSI'!$I$10:$I$1000,'TRANSAKSI'!$E$10:$E$1000,"6.2.01.05",'TRANSAKSI'!$J$10:$J$1000,9,'TRANSAKSI'!$K$10:$K$1000,TahunSel) | M37: =SUMIFS('TRANSAKSI'!$H$10:$H$1000,'TRANSAKSI'!$E$10:$E$1000,"6.2.01.05",'TRANSAKSI'!$J$10:$J$1000,10,'TRANSAKSI'!$K$10:$K$1000,TahunSel)-SUMIFS('TRANSAKSI'!$I$10:$I$1000,'TRANSAKSI'!$E$10:$E$1000,"6.2.01.05",'TRANSAKSI'!$J$10:$J$1000,10,'TRANSAKSI'!$K$10:$K$1000,TahunSel) | N37: =SUMIFS('TRANSAKSI'!$H$10:$H$1000,'TRANSAKSI'!$E$10:$E$1000,"6.2.01.05",'TRANSAKSI'!$J$10:$J$1000,11,'TRANSAKSI'!$K$10:$K$1000,TahunSel)-SUMIFS('TRANSAKSI'!$I$10:$I$1000,'TRANSAKSI'!$E$10:$E$1000,"6.2.01.05",'TRANSAKSI'!$J$10:$J$1000,11,'TRANSAKSI'!$K$10:$K$1000,TahunSel) | O37: =SUMIFS('TRANSAKSI'!$H$10:$H$1000,'TRANSAKSI'!$E$10:$E$1000,"6.2.01.05",'TRANSAKSI'!$J$10:$J$1000,12,'TRANSAKSI'!$K$10:$K$1000,TahunSel)-SUMIFS('TRANSAKSI'!$I$10:$I$1000,'TRANSAKSI'!$E$10:$E$1000,"6.2.01.05",'TRANSAKSI'!$J$10:$J$1000,12,'TRANSAKSI'!$K$10:$K$1000,TahunSel) | P37: =SUM(D37:O37)
A38: 6.2.01.07 | B38: Beban Gaji Bendahara | C38: Beban | D38: =SUMIFS('TRANSAKSI'!$H$10:$H$1000,'TRANSAKSI'!$E$10:$E$1000,"6.2.01.07",'TRANSAKSI'!$J$10:$J$1000,1,'TRANSAKSI'!$K$10:$K$1000,TahunSel)-SUMIFS('TRANSAKSI'!$I$10:$I$1000,'TRANSAKSI'!$E$10:$E$1000,"6.2.01.07",'TRANSAKSI'!$J$10:$J$1000,1,'TRANSAKSI'!$K$10:$K$1000,TahunSel) | E38: =SUMIFS('TRANSAKSI'!$H$10:$H$1000,'TRANSAKSI'!$E$10:$E$1000,"6.2.01.07",'TRANSAKSI'!$J$10:$J$1000,2,'TRANSAKSI'!$K$10:$K$1000,TahunSel)-SUMIFS('TRANSAKSI'!$I$10:$I$1000,'TRANSAKSI'!$E$10:$E$1000,"6.2.01.07",'TRANSAKSI'!$J$10:$J$1000,2,'TRANSAKSI'!$K$10:$K$1000,TahunSel) | F38: =SUMIFS('TRANSAKSI'!$H$10:$H$1000,'TRANSAKSI'!$E$10:$E$1000,"6.2.01.07",'TRANSAKSI'!$J$10:$J$1000,3,'TRANSAKSI'!$K$10:$K$1000,TahunSel)-SUMIFS('TRANSAKSI'!$I$10:$I$1000,'TRANSAKSI'!$E$10:$E$1000,"6.2.01.07",'TRANSAKSI'!$J$10:$J$1000,3,'TRANSAKSI'!$K$10:$K$1000,TahunSel) | G38: =SUMIFS('TRANSAKSI'!$H$10:$H$1000,'TRANSAKSI'!$E$10:$E$1000,"6.2.01.07",'TRANSAKSI'!$J$10:$J$1000,4,'TRANSAKSI'!$K$10:$K$1000,TahunSel)-SUMIFS('TRANSAKSI'!$I$10:$I$1000,'TRANSAKSI'!$E$10:$E$1000,"6.2.01.07",'TRANSAKSI'!$J$10:$J$1000,4,'TRANSAKSI'!$K$10:$K$1000,TahunSel) | H38: =SUMIFS('TRANSAKSI'!$H$10:$H$1000,'TRANSAKSI'!$E$10:$E$1000,"6.2.01.07",'TRANSAKSI'!$J$10:$J$1000,5,'TRANSAKSI'!$K$10:$K$1000,TahunSel)-SUMIFS('TRANSAKSI'!$I$10:$I$1000,'TRANSAKSI'!$E$10:$E$1000,"6.2.01.07",'TRANSAKSI'!$J$10:$J$1000,5,'TRANSAKSI'!$K$10:$K$1000,TahunSel) | I38: =SUMIFS('TRANSAKSI'!$H$10:$H$1000,'TRANSAKSI'!$E$10:$E$1000,"6.2.01.07",'TRANSAKSI'!$J$10:$J$1000,6,'TRANSAKSI'!$K$10:$K$1000,TahunSel)-SUMIFS('TRANSAKSI'!$I$10:$I$1000,'TRANSAKSI'!$E$10:$E$1000,"6.2.01.07",'TRANSAKSI'!$J$10:$J$1000,6,'TRANSAKSI'!$K$10:$K$1000,TahunSel) | J38: =SUMIFS('TRANSAKSI'!$H$10:$H$1000,'TRANSAKSI'!$E$10:$E$1000,"6.2.01.07",'TRANSAKSI'!$J$10:$J$1000,7,'TRANSAKSI'!$K$10:$K$1000,TahunSel)-SUMIFS('TRANSAKSI'!$I$10:$I$1000,'TRANSAKSI'!$E$10:$E$1000,"6.2.01.07",'TRANSAKSI'!$J$10:$J$1000,7,'TRANSAKSI'!$K$10:$K$1000,TahunSel) | K38: =SUMIFS('TRANSAKSI'!$H$10:$H$1000,'TRANSAKSI'!$E$10:$E$1000,"6.2.01.07",'TRANSAKSI'!$J$10:$J$1000,8,'TRANSAKSI'!$K$10:$K$1000,TahunSel)-SUMIFS('TRANSAKSI'!$I$10:$I$1000,'TRANSAKSI'!$E$10:$E$1000,"6.2.01.07",'TRANSAKSI'!$J$10:$J$1000,8,'TRANSAKSI'!$K$10:$K$1000,TahunSel) | L38: =SUMIFS('TRANSAKSI'!$H$10:$H$1000,'TRANSAKSI'!$E$10:$E$1000,"6.2.01.07",'TRANSAKSI'!$J$10:$J$1000,9,'TRANSAKSI'!$K$10:$K$1000,TahunSel)-SUMIFS('TRANSAKSI'!$I$10:$I$1000,'TRANSAKSI'!$E$10:$E$1000,"6.2.01.07",'TRANSAKSI'!$J$10:$J$1000,9,'TRANSAKSI'!$K$10:$K$1000,TahunSel) | M38: =SUMIFS('TRANSAKSI'!$H$10:$H$1000,'TRANSAKSI'!$E$10:$E$1000,"6.2.01.07",'TRANSAKSI'!$J$10:$J$1000,10,'TRANSAKSI'!$K$10:$K$1000,TahunSel)-SUMIFS('TRANSAKSI'!$I$10:$I$1000,'TRANSAKSI'!$E$10:$E$1000,"6.2.01.07",'TRANSAKSI'!$J$10:$J$1000,10,'TRANSAKSI'!$K$10:$K$1000,TahunSel) | N38: =SUMIFS('TRANSAKSI'!$H$10:$H$1000,'TRANSAKSI'!$E$10:$E$1000,"6.2.01.07",'TRANSAKSI'!$J$10:$J$1000,11,'TRANSAKSI'!$K$10:$K$1000,TahunSel)-SUMIFS('TRANSAKSI'!$I$10:$I$1000,'TRANSAKSI'!$E$10:$E$1000,"6.2.01.07",'TRANSAKSI'!$J$10:$J$1000,11,'TRANSAKSI'!$K$10:$K$1000,TahunSel) | O38: =SUMIFS('TRANSAKSI'!$H$10:$H$1000,'TRANSAKSI'!$E$10:$E$1000,"6.2.01.07",'TRANSAKSI'!$J$10:$J$1000,12,'TRANSAKSI'!$K$10:$K$1000,TahunSel)-SUMIFS('TRANSAKSI'!$I$10:$I$1000,'TRANSAKSI'!$E$10:$E$1000,"6.2.01.07",'TRANSAKSI'!$J$10:$J$1000,12,'TRANSAKSI'!$K$10:$K$1000,TahunSel) | P38: =SUM(D38:O38)
A39: 6.2.02.02 | B39: Beban Perbaikan dan Renovasi | C39: Beban | D39: =SUMIFS('TRANSAKSI'!$H$10:$H$1000,'TRANSAKSI'!$E$10:$E$1000,"6.2.02.02",'TRANSAKSI'!$J$10:$J$1000,1,'TRANSAKSI'!$K$10:$K$1000,TahunSel)-SUMIFS('TRANSAKSI'!$I$10:$I$1000,'TRANSAKSI'!$E$10:$E$1000,"6.2.02.02",'TRANSAKSI'!$J$10:$J$1000,1,'TRANSAKSI'!$K$10:$K$1000,TahunSel) | E39: =SUMIFS('TRANSAKSI'!$H$10:$H$1000,'TRANSAKSI'!$E$10:$E$1000,"6.2.02.02",'TRANSAKSI'!$J$10:$J$1000,2,'TRANSAKSI'!$K$10:$K$1000,TahunSel)-SUMIFS('TRANSAKSI'!$I$10:$I$1000,'TRANSAKSI'!$E$10:$E$1000,"6.2.02.02",'TRANSAKSI'!$J$10:$J$1000,2,'TRANSAKSI'!$K$10:$K$1000,TahunSel) | F39: =SUMIFS('TRANSAKSI'!$H$10:$H$1000,'TRANSAKSI'!$E$10:$E$1000,"6.2.02.02",'TRANSAKSI'!$J$10:$J$1000,3,'TRANSAKSI'!$K$10:$K$1000,TahunSel)-SUMIFS('TRANSAKSI'!$I$10:$I$1000,'TRANSAKSI'!$E$10:$E$1000,"6.2.02.02",'TRANSAKSI'!$J$10:$J$1000,3,'TRANSAKSI'!$K$10:$K$1000,TahunSel) | G39: =SUMIFS('TRANSAKSI'!$H$10:$H$1000,'TRANSAKSI'!$E$10:$E$1000,"6.2.02.02",'TRANSAKSI'!$J$10:$J$1000,4,'TRANSAKSI'!$K$10:$K$1000,TahunSel)-SUMIFS('TRANSAKSI'!$I$10:$I$1000,'TRANSAKSI'!$E$10:$E$1000,"6.2.02.02",'TRANSAKSI'!$J$10:$J$1000,4,'TRANSAKSI'!$K$10:$K$1000,TahunSel) | H39: =SUMIFS('TRANSAKSI'!$H$10:$H$1000,'TRANSAKSI'!$E$10:$E$1000,"6.2.02.02",'TRANSAKSI'!$J$10:$J$1000,5,'TRANSAKSI'!$K$10:$K$1000,TahunSel)-SUMIFS('TRANSAKSI'!$I$10:$I$1000,'TRANSAKSI'!$E$10:$E$1000,"6.2.02.02",'TRANSAKSI'!$J$10:$J$1000,5,'TRANSAKSI'!$K$10:$K$1000,TahunSel) | I39: =SUMIFS('TRANSAKSI'!$H$10:$H$1000,'TRANSAKSI'!$E$10:$E$1000,"6.2.02.02",'TRANSAKSI'!$J$10:$J$1000,6,'TRANSAKSI'!$K$10:$K$1000,TahunSel)-SUMIFS('TRANSAKSI'!$I$10:$I$1000,'TRANSAKSI'!$E$10:$E$1000,"6.2.02.02",'TRANSAKSI'!$J$10:$J$1000,6,'TRANSAKSI'!$K$10:$K$1000,TahunSel) | J39: =SUMIFS('TRANSAKSI'!$H$10:$H$1000,'TRANSAKSI'!$E$10:$E$1000,"6.2.02.02",'TRANSAKSI'!$J$10:$J$1000,7,'TRANSAKSI'!$K$10:$K$1000,TahunSel)-SUMIFS('TRANSAKSI'!$I$10:$I$1000,'TRANSAKSI'!$E$10:$E$1000,"6.2.02.02",'TRANSAKSI'!$J$10:$J$1000,7,'TRANSAKSI'!$K$10:$K$1000,TahunSel) | K39: =SUMIFS('TRANSAKSI'!$H$10:$H$1000,'TRANSAKSI'!$E$10:$E$1000,"6.2.02.02",'TRANSAKSI'!$J$10:$J$1000,8,'TRANSAKSI'!$K$10:$K$1000,TahunSel)-SUMIFS('TRANSAKSI'!$I$10:$I$1000,'TRANSAKSI'!$E$10:$E$1000,"6.2.02.02",'TRANSAKSI'!$J$10:$J$1000,8,'TRANSAKSI'!$K$10:$K$1000,TahunSel) | L39: =SUMIFS('TRANSAKSI'!$H$10:$H$1000,'TRANSAKSI'!$E$10:$E$1000,"6.2.02.02",'TRANSAKSI'!$J$10:$J$1000,9,'TRANSAKSI'!$K$10:$K$1000,TahunSel)-SUMIFS('TRANSAKSI'!$I$10:$I$1000,'TRANSAKSI'!$E$10:$E$1000,"6.2.02.02",'TRANSAKSI'!$J$10:$J$1000,9,'TRANSAKSI'!$K$10:$K$1000,TahunSel) | M39: =SUMIFS('TRANSAKSI'!$H$10:$H$1000,'TRANSAKSI'!$E$10:$E$1000,"6.2.02.02",'TRANSAKSI'!$J$10:$J$1000,10,'TRANSAKSI'!$K$10:$K$1000,TahunSel)-SUMIFS('TRANSAKSI'!$I$10:$I$1000,'TRANSAKSI'!$E$10:$E$1000,"6.2.02.02",'TRANSAKSI'!$J$10:$J$1000,10,'TRANSAKSI'!$K$10:$K$1000,TahunSel) | N39: =SUMIFS('TRANSAKSI'!$H$10:$H$1000,'TRANSAKSI'!$E$10:$E$1000,"6.2.02.02",'TRANSAKSI'!$J$10:$J$1000,11,'TRANSAKSI'!$K$10:$K$1000,TahunSel)-SUMIFS('TRANSAKSI'!$I$10:$I$1000,'TRANSAKSI'!$E$10:$E$1000,"6.2.02.02",'TRANSAKSI'!$J$10:$J$1000,11,'TRANSAKSI'!$K$10:$K$1000,TahunSel) | O39: =SUMIFS('TRANSAKSI'!$H$10:$H$1000,'TRANSAKSI'!$E$10:$E$1000,"6.2.02.02",'TRANSAKSI'!$J$10:$J$1000,12,'TRANSAKSI'!$K$10:$K$1000,TahunSel)-SUMIFS('TRANSAKSI'!$I$10:$I$1000,'TRANSAKSI'!$E$10:$E$1000,"6.2.02.02",'TRANSAKSI'!$J$10:$J$1000,12,'TRANSAKSI'!$K$10:$K$1000,TahunSel) | P39: =SUM(D39:O39)
A40: 6.2.99.02 | B40: Beban Sewa Lokasi | C40: Beban | D40: =SUMIFS('TRANSAKSI'!$H$10:$H$1000,'TRANSAKSI'!$E$10:$E$1000,"6.2.99.02",'TRANSAKSI'!$J$10:$J$1000,1,'TRANSAKSI'!$K$10:$K$1000,TahunSel)-SUMIFS('TRANSAKSI'!$I$10:$I$1000,'TRANSAKSI'!$E$10:$E$1000,"6.2.99.02",'TRANSAKSI'!$J$10:$J$1000,1,'TRANSAKSI'!$K$10:$K$1000,TahunSel) | E40: =SUMIFS('TRANSAKSI'!$H$10:$H$1000,'TRANSAKSI'!$E$10:$E$1000,"6.2.99.02",'TRANSAKSI'!$J$10:$J$1000,2,'TRANSAKSI'!$K$10:$K$1000,TahunSel)-SUMIFS('TRANSAKSI'!$I$10:$I$1000,'TRANSAKSI'!$E$10:$E$1000,"6.2.99.02",'TRANSAKSI'!$J$10:$J$1000,2,'TRANSAKSI'!$K$10:$K$1000,TahunSel) | F40: =SUMIFS('TRANSAKSI'!$H$10:$H$1000,'TRANSAKSI'!$E$10:$E$1000,"6.2.99.02",'TRANSAKSI'!$J$10:$J$1000,3,'TRANSAKSI'!$K$10:$K$1000,TahunSel)-SUMIFS('TRANSAKSI'!$I$10:$I$1000,'TRANSAKSI'!$E$10:$E$1000,"6.2.99.02",'TRANSAKSI'!$J$10:$J$1000,3,'TRANSAKSI'!$K$10:$K$1000,TahunSel) | G40: =SUMIFS('TRANSAKSI'!$H$10:$H$1000,'TRANSAKSI'!$E$10:$E$1000,"6.2.99.02",'TRANSAKSI'!$J$10:$J$1000,4,'TRANSAKSI'!$K$10:$K$1000,TahunSel)-SUMIFS('TRANSAKSI'!$I$10:$I$1000,'TRANSAKSI'!$E$10:$E$1000,"6.2.99.02",'TRANSAKSI'!$J$10:$J$1000,4,'TRANSAKSI'!$K$10:$K$1000,TahunSel) | H40: =SUMIFS('TRANSAKSI'!$H$10:$H$1000,'TRANSAKSI'!$E$10:$E$1000,"6.2.99.02",'TRANSAKSI'!$J$10:$J$1000,5,'TRANSAKSI'!$K$10:$K$1000,TahunSel)-SUMIFS('TRANSAKSI'!$I$10:$I$1000,'TRANSAKSI'!$E$10:$E$1000,"6.2.99.02",'TRANSAKSI'!$J$10:$J$1000,5,'TRANSAKSI'!$K$10:$K$1000,TahunSel) | I40: =SUMIFS('TRANSAKSI'!$H$10:$H$1000,'TRANSAKSI'!$E$10:$E$1000,"6.2.99.02",'TRANSAKSI'!$J$10:$J$1000,6,'TRANSAKSI'!$K$10:$K$1000,TahunSel)-SUMIFS('TRANSAKSI'!$I$10:$I$1000,'TRANSAKSI'!$E$10:$E$1000,"6.2.99.02",'TRANSAKSI'!$J$10:$J$1000,6,'TRANSAKSI'!$K$10:$K$1000,TahunSel) | J40: =SUMIFS('TRANSAKSI'!$H$10:$H$1000,'TRANSAKSI'!$E$10:$E$1000,"6.2.99.02",'TRANSAKSI'!$J$10:$J$1000,7,'TRANSAKSI'!$K$10:$K$1000,TahunSel)-SUMIFS('TRANSAKSI'!$I$10:$I$1000,'TRANSAKSI'!$E$10:$E$1000,"6.2.99.02",'TRANSAKSI'!$J$10:$J$1000,7,'TRANSAKSI'!$K$10:$K$1000,TahunSel) | K40: =SUMIFS('TRANSAKSI'!$H$10:$H$1000,'TRANSAKSI'!$E$10:$E$1000,"6.2.99.02",'TRANSAKSI'!$J$10:$J$1000,8,'TRANSAKSI'!$K$10:$K$1000,TahunSel)-SUMIFS('TRANSAKSI'!$I$10:$I$1000,'TRANSAKSI'!$E$10:$E$1000,"6.2.99.02",'TRANSAKSI'!$J$10:$J$1000,8,'TRANSAKSI'!$K$10:$K$1000,TahunSel) | L40: =SUMIFS('TRANSAKSI'!$H$10:$H$1000,'TRANSAKSI'!$E$10:$E$1000,"6.2.99.02",'TRANSAKSI'!$J$10:$J$1000,9,'TRANSAKSI'!$K$10:$K$1000,TahunSel)-SUMIFS('TRANSAKSI'!$I$10:$I$1000,'TRANSAKSI'!$E$10:$E$1000,"6.2.99.02",'TRANSAKSI'!$J$10:$J$1000,9,'TRANSAKSI'!$K$10:$K$1000,TahunSel) | M40: =SUMIFS('TRANSAKSI'!$H$10:$H$1000,'TRANSAKSI'!$E$10:$E$1000,"6.2.99.02",'TRANSAKSI'!$J$10:$J$1000,10,'TRANSAKSI'!$K$10:$K$1000,TahunSel)-SUMIFS('TRANSAKSI'!$I$10:$I$1000,'TRANSAKSI'!$E$10:$E$1000,"6.2.99.02",'TRANSAKSI'!$J$10:$J$1000,10,'TRANSAKSI'!$K$10:$K$1000,TahunSel) | N40: =SUMIFS('TRANSAKSI'!$H$10:$H$1000,'TRANSAKSI'!$E$10:$E$1000,"6.2.99.02",'TRANSAKSI'!$J$10:$J$1000,11,'TRANSAKSI'!$K$10:$K$1000,TahunSel)-SUMIFS('TRANSAKSI'!$I$10:$I$1000,'TRANSAKSI'!$E$10:$E$1000,"6.2.99.02",'TRANSAKSI'!$J$10:$J$1000,11,'TRANSAKSI'!$K$10:$K$1000,TahunSel) | O40: =SUMIFS('TRANSAKSI'!$H$10:$H$1000,'TRANSAKSI'!$E$10:$E$1000,"6.2.99.02",'TRANSAKSI'!$J$10:$J$1000,12,'TRANSAKSI'!$K$10:$K$1000,TahunSel)-SUMIFS('TRANSAKSI'!$I$10:$I$1000,'TRANSAKSI'!$E$10:$E$1000,"6.2.99.02",'TRANSAKSI'!$J$10:$J$1000,12,'TRANSAKSI'!$K$10:$K$1000,TahunSel) | P40: =SUM(D40:O40)
A41: 6.2.99.04 | B41: Beban Pakan Ternak | C41: Beban | D41: =SUMIFS('TRANSAKSI'!$H$10:$H$1000,'TRANSAKSI'!$E$10:$E$1000,"6.2.99.04",'TRANSAKSI'!$J$10:$J$1000,1,'TRANSAKSI'!$K$10:$K$1000,TahunSel)-SUMIFS('TRANSAKSI'!$I$10:$I$1000,'TRANSAKSI'!$E$10:$E$1000,"6.2.99.04",'TRANSAKSI'!$J$10:$J$1000,1,'TRANSAKSI'!$K$10:$K$1000,TahunSel) | E41: =SUMIFS('TRANSAKSI'!$H$10:$H$1000,'TRANSAKSI'!$E$10:$E$1000,"6.2.99.04",'TRANSAKSI'!$J$10:$J$1000,2,'TRANSAKSI'!$K$10:$K$1000,TahunSel)-SUMIFS('TRANSAKSI'!$I$10:$I$1000,'TRANSAKSI'!$E$10:$E$1000,"6.2.99.04",'TRANSAKSI'!$J$10:$J$1000,2,'TRANSAKSI'!$K$10:$K$1000,TahunSel) | F41: =SUMIFS('TRANSAKSI'!$H$10:$H$1000,'TRANSAKSI'!$E$10:$E$1000,"6.2.99.04",'TRANSAKSI'!$J$10:$J$1000,3,'TRANSAKSI'!$K$10:$K$1000,TahunSel)-SUMIFS('TRANSAKSI'!$I$10:$I$1000,'TRANSAKSI'!$E$10:$E$1000,"6.2.99.04",'TRANSAKSI'!$J$10:$J$1000,3,'TRANSAKSI'!$K$10:$K$1000,TahunSel) | G41: =SUMIFS('TRANSAKSI'!$H$10:$H$1000,'TRANSAKSI'!$E$10:$E$1000,"6.2.99.04",'TRANSAKSI'!$J$10:$J$1000,4,'TRANSAKSI'!$K$10:$K$1000,TahunSel)-SUMIFS('TRANSAKSI'!$I$10:$I$1000,'TRANSAKSI'!$E$10:$E$1000,"6.2.99.04",'TRANSAKSI'!$J$10:$J$1000,4,'TRANSAKSI'!$K$10:$K$1000,TahunSel) | H41: =SUMIFS('TRANSAKSI'!$H$10:$H$1000,'TRANSAKSI'!$E$10:$E$1000,"6.2.99.04",'TRANSAKSI'!$J$10:$J$1000,5,'TRANSAKSI'!$K$10:$K$1000,TahunSel)-SUMIFS('TRANSAKSI'!$I$10:$I$1000,'TRANSAKSI'!$E$10:$E$1000,"6.2.99.04",'TRANSAKSI'!$J$10:$J$1000,5,'TRANSAKSI'!$K$10:$K$1000,TahunSel) | I41: =SUMIFS('TRANSAKSI'!$H$10:$H$1000,'TRANSAKSI'!$E$10:$E$1000,"6.2.99.04",'TRANSAKSI'!$J$10:$J$1000,6,'TRANSAKSI'!$K$10:$K$1000,TahunSel)-SUMIFS('TRANSAKSI'!$I$10:$I$1000,'TRANSAKSI'!$E$10:$E$1000,"6.2.99.04",'TRANSAKSI'!$J$10:$J$1000,6,'TRANSAKSI'!$K$10:$K$1000,TahunSel) | J41: =SUMIFS('TRANSAKSI'!$H$10:$H$1000,'TRANSAKSI'!$E$10:$E$1000,"6.2.99.04",'TRANSAKSI'!$J$10:$J$1000,7,'TRANSAKSI'!$K$10:$K$1000,TahunSel)-SUMIFS('TRANSAKSI'!$I$10:$I$1000,'TRANSAKSI'!$E$10:$E$1000,"6.2.99.04",'TRANSAKSI'!$J$10:$J$1000,7,'TRANSAKSI'!$K$10:$K$1000,TahunSel) | K41: =SUMIFS('TRANSAKSI'!$H$10:$H$1000,'TRANSAKSI'!$E$10:$E$1000,"6.2.99.04",'TRANSAKSI'!$J$10:$J$1000,8,'TRANSAKSI'!$K$10:$K$1000,TahunSel)-SUMIFS('TRANSAKSI'!$I$10:$I$1000,'TRANSAKSI'!$E$10:$E$1000,"6.2.99.04",'TRANSAKSI'!$J$10:$J$1000,8,'TRANSAKSI'!$K$10:$K$1000,TahunSel) | L41: =SUMIFS('TRANSAKSI'!$H$10:$H$1000,'TRANSAKSI'!$E$10:$E$1000,"6.2.99.04",'TRANSAKSI'!$J$10:$J$1000,9,'TRANSAKSI'!$K$10:$K$1000,TahunSel)-SUMIFS('TRANSAKSI'!$I$10:$I$1000,'TRANSAKSI'!$E$10:$E$1000,"6.2.99.04",'TRANSAKSI'!$J$10:$J$1000,9,'TRANSAKSI'!$K$10:$K$1000,TahunSel) | M41: =SUMIFS('TRANSAKSI'!$H$10:$H$1000,'TRANSAKSI'!$E$10:$E$1000,"6.2.99.04",'TRANSAKSI'!$J$10:$J$1000,10,'TRANSAKSI'!$K$10:$K$1000,TahunSel)-SUMIFS('TRANSAKSI'!$I$10:$I$1000,'TRANSAKSI'!$E$10:$E$1000,"6.2.99.04",'TRANSAKSI'!$J$10:$J$1000,10,'TRANSAKSI'!$K$10:$K$1000,TahunSel) | N41: =SUMIFS('TRANSAKSI'!$H$10:$H$1000,'TRANSAKSI'!$E$10:$E$1000,"6.2.99.04",'TRANSAKSI'!$J$10:$J$1000,11,'TRANSAKSI'!$K$10:$K$1000,TahunSel)-SUMIFS('TRANSAKSI'!$I$10:$I$1000,'TRANSAKSI'!$E$10:$E$1000,"6.2.99.04",'TRANSAKSI'!$J$10:$J$1000,11,'TRANSAKSI'!$K$10:$K$1000,TahunSel) | O41: =SUMIFS('TRANSAKSI'!$H$10:$H$1000,'TRANSAKSI'!$E$10:$E$1000,"6.2.99.04",'TRANSAKSI'!$J$10:$J$1000,12,'TRANSAKSI'!$K$10:$K$1000,TahunSel)-SUMIFS('TRANSAKSI'!$I$10:$I$1000,'TRANSAKSI'!$E$10:$E$1000,"6.2.99.04",'TRANSAKSI'!$J$10:$J$1000,12,'TRANSAKSI'!$K$10:$K$1000,TahunSel) | P41: =SUM(D41:O41)
A42: 6.2.99.05 | B42: Beban Pupuk dan Obat-obatan | C42: Beban | D42: =SUMIFS('TRANSAKSI'!$H$10:$H$1000,'TRANSAKSI'!$E$10:$E$1000,"6.2.99.05",'TRANSAKSI'!$J$10:$J$1000,1,'TRANSAKSI'!$K$10:$K$1000,TahunSel)-SUMIFS('TRANSAKSI'!$I$10:$I$1000,'TRANSAKSI'!$E$10:$E$1000,"6.2.99.05",'TRANSAKSI'!$J$10:$J$1000,1,'TRANSAKSI'!$K$10:$K$1000,TahunSel) | E42: =SUMIFS('TRANSAKSI'!$H$10:$H$1000,'TRANSAKSI'!$E$10:$E$1000,"6.2.99.05",'TRANSAKSI'!$J$10:$J$1000,2,'TRANSAKSI'!$K$10:$K$1000,TahunSel)-SUMIFS('TRANSAKSI'!$I$10:$I$1000,'TRANSAKSI'!$E$10:$E$1000,"6.2.99.05",'TRANSAKSI'!$J$10:$J$1000,2,'TRANSAKSI'!$K$10:$K$1000,TahunSel) | F42: =SUMIFS('TRANSAKSI'!$H$10:$H$1000,'TRANSAKSI'!$E$10:$E$1000,"6.2.99.05",'TRANSAKSI'!$J$10:$J$1000,3,'TRANSAKSI'!$K$10:$K$1000,TahunSel)-SUMIFS('TRANSAKSI'!$I$10:$I$1000,'TRANSAKSI'!$E$10:$E$1000,"6.2.99.05",'TRANSAKSI'!$J$10:$J$1000,3,'TRANSAKSI'!$K$10:$K$1000,TahunSel) | G42: =SUMIFS('TRANSAKSI'!$H$10:$H$1000,'TRANSAKSI'!$E$10:$E$1000,"6.2.99.05",'TRANSAKSI'!$J$10:$J$1000,4,'TRANSAKSI'!$K$10:$K$1000,TahunSel)-SUMIFS('TRANSAKSI'!$I$10:$I$1000,'TRANSAKSI'!$E$10:$E$1000,"6.2.99.05",'TRANSAKSI'!$J$10:$J$1000,4,'TRANSAKSI'!$K$10:$K$1000,TahunSel) | H42: =SUMIFS('TRANSAKSI'!$H$10:$H$1000,'TRANSAKSI'!$E$10:$E$1000,"6.2.99.05",'TRANSAKSI'!$J$10:$J$1000,5,'TRANSAKSI'!$K$10:$K$1000,TahunSel)-SUMIFS('TRANSAKSI'!$I$10:$I$1000,'TRANSAKSI'!$E$10:$E$1000,"6.2.99.05",'TRANSAKSI'!$J$10:$J$1000,5,'TRANSAKSI'!$K$10:$K$1000,TahunSel) | I42: =SUMIFS('TRANSAKSI'!$H$10:$H$1000,'TRANSAKSI'!$E$10:$E$1000,"6.2.99.05",'TRANSAKSI'!$J$10:$J$1000,6,'TRANSAKSI'!$K$10:$K$1000,TahunSel)-SUMIFS('TRANSAKSI'!$I$10:$I$1000,'TRANSAKSI'!$E$10:$E$1000,"6.2.99.05",'TRANSAKSI'!$J$10:$J$1000,6,'TRANSAKSI'!$K$10:$K$1000,TahunSel) | J42: =SUMIFS('TRANSAKSI'!$H$10:$H$1000,'TRANSAKSI'!$E$10:$E$1000,"6.2.99.05",'TRANSAKSI'!$J$10:$J$1000,7,'TRANSAKSI'!$K$10:$K$1000,TahunSel)-SUMIFS('TRANSAKSI'!$I$10:$I$1000,'TRANSAKSI'!$E$10:$E$1000,"6.2.99.05",'TRANSAKSI'!$J$10:$J$1000,7,'TRANSAKSI'!$K$10:$K$1000,TahunSel) | K42: =SUMIFS('TRANSAKSI'!$H$10:$H$1000,'TRANSAKSI'!$E$10:$E$1000,"6.2.99.05",'TRANSAKSI'!$J$10:$J$1000,8,'TRANSAKSI'!$K$10:$K$1000,TahunSel)-SUMIFS('TRANSAKSI'!$I$10:$I$1000,'TRANSAKSI'!$E$10:$E$1000,"6.2.99.05",'TRANSAKSI'!$J$10:$J$1000,8,'TRANSAKSI'!$K$10:$K$1000,TahunSel) | L42: =SUMIFS('TRANSAKSI'!$H$10:$H$1000,'TRANSAKSI'!$E$10:$E$1000,"6.2.99.05",'TRANSAKSI'!$J$10:$J$1000,9,'TRANSAKSI'!$K$10:$K$1000,TahunSel)-SUMIFS('TRANSAKSI'!$I$10:$I$1000,'TRANSAKSI'!$E$10:$E$1000,"6.2.99.05",'TRANSAKSI'!$J$10:$J$1000,9,'TRANSAKSI'!$K$10:$K$1000,TahunSel) | M42: =SUMIFS('TRANSAKSI'!$H$10:$H$1000,'TRANSAKSI'!$E$10:$E$1000,"6.2.99.05",'TRANSAKSI'!$J$10:$J$1000,10,'TRANSAKSI'!$K$10:$K$1000,TahunSel)-SUMIFS('TRANSAKSI'!$I$10:$I$1000,'TRANSAKSI'!$E$10:$E$1000,"6.2.99.05",'TRANSAKSI'!$J$10:$J$1000,10,'TRANSAKSI'!$K$10:$K$1000,TahunSel) | N42: =SUMIFS('TRANSAKSI'!$H$10:$H$1000,'TRANSAKSI'!$E$10:$E$1000,"6.2.99.05",'TRANSAKSI'!$J$10:$J$1000,11,'TRANSAKSI'!$K$10:$K$1000,TahunSel)-SUMIFS('TRANSAKSI'!$I$10:$I$1000,'TRANSAKSI'!$E$10:$E$1000,"6.2.99.05",'TRANSAKSI'!$J$10:$J$1000,11,'TRANSAKSI'!$K$10:$K$1000,TahunSel) | O42: =SUMIFS('TRANSAKSI'!$H$10:$H$1000,'TRANSAKSI'!$E$10:$E$1000,"6.2.99.05",'TRANSAKSI'!$J$10:$J$1000,12,'TRANSAKSI'!$K$10:$K$1000,TahunSel)-SUMIFS('TRANSAKSI'!$I$10:$I$1000,'TRANSAKSI'!$E$10:$E$1000,"6.2.99.05",'TRANSAKSI'!$J$10:$J$1000,12,'TRANSAKSI'!$K$10:$K$1000,TahunSel) | P42: =SUM(D42:O42)
A43: 6.2.99.06 | B43: Beban Peralatan dan Mesin | C43: Beban | D43: =SUMIFS('TRANSAKSI'!$H$10:$H$1000,'TRANSAKSI'!$E$10:$E$1000,"6.2.99.06",'TRANSAKSI'!$J$10:$J$1000,1,'TRANSAKSI'!$K$10:$K$1000,TahunSel)-SUMIFS('TRANSAKSI'!$I$10:$I$1000,'TRANSAKSI'!$E$10:$E$1000,"6.2.99.06",'TRANSAKSI'!$J$10:$J$1000,1,'TRANSAKSI'!$K$10:$K$1000,TahunSel) | E43: =SUMIFS('TRANSAKSI'!$H$10:$H$1000,'TRANSAKSI'!$E$10:$E$1000,"6.2.99.06",'TRANSAKSI'!$J$10:$J$1000,2,'TRANSAKSI'!$K$10:$K$1000,TahunSel)-SUMIFS('TRANSAKSI'!$I$10:$I$1000,'TRANSAKSI'!$E$10:$E$1000,"6.2.99.06",'TRANSAKSI'!$J$10:$J$1000,2,'TRANSAKSI'!$K$10:$K$1000,TahunSel) | F43: =SUMIFS('TRANSAKSI'!$H$10:$H$1000,'TRANSAKSI'!$E$10:$E$1000,"6.2.99.06",'TRANSAKSI'!$J$10:$J$1000,3,'TRANSAKSI'!$K$10:$K$1000,TahunSel)-SUMIFS('TRANSAKSI'!$I$10:$I$1000,'TRANSAKSI'!$E$10:$E$1000,"6.2.99.06",'TRANSAKSI'!$J$10:$J$1000,3,'TRANSAKSI'!$K$10:$K$1000,TahunSel) | G43: =SUMIFS('TRANSAKSI'!$H$10:$H$1000,'TRANSAKSI'!$E$10:$E$1000,"6.2.99.06",'TRANSAKSI'!$J$10:$J$1000,4,'TRANSAKSI'!$K$10:$K$1000,TahunSel)-SUMIFS('TRANSAKSI'!$I$10:$I$1000,'TRANSAKSI'!$E$10:$E$1000,"6.2.99.06",'TRANSAKSI'!$J$10:$J$1000,4,'TRANSAKSI'!$K$10:$K$1000,TahunSel) | H43: =SUMIFS('TRANSAKSI'!$H$10:$H$1000,'TRANSAKSI'!$E$10:$E$1000,"6.2.99.06",'TRANSAKSI'!$J$10:$J$1000,5,'TRANSAKSI'!$K$10:$K$1000,TahunSel)-SUMIFS('TRANSAKSI'!$I$10:$I$1000,'TRANSAKSI'!$E$10:$E$1000,"6.2.99.06",'TRANSAKSI'!$J$10:$J$1000,5,'TRANSAKSI'!$K$10:$K$1000,TahunSel) | I43: =SUMIFS('TRANSAKSI'!$H$10:$H$1000,'TRANSAKSI'!$E$10:$E$1000,"6.2.99.06",'TRANSAKSI'!$J$10:$J$1000,6,'TRANSAKSI'!$K$10:$K$1000,TahunSel)-SUMIFS('TRANSAKSI'!$I$10:$I$1000,'TRANSAKSI'!$E$10:$E$1000,"6.2.99.06",'TRANSAKSI'!$J$10:$J$1000,6,'TRANSAKSI'!$K$10:$K$1000,TahunSel) | J43: =SUMIFS('TRANSAKSI'!$H$10:$H$1000,'TRANSAKSI'!$E$10:$E$1000,"6.2.99.06",'TRANSAKSI'!$J$10:$J$1000,7,'TRANSAKSI'!$K$10:$K$1000,TahunSel)-SUMIFS('TRANSAKSI'!$I$10:$I$1000,'TRANSAKSI'!$E$10:$E$1000,"6.2.99.06",'TRANSAKSI'!$J$10:$J$1000,7,'TRANSAKSI'!$K$10:$K$1000,TahunSel) | K43: =SUMIFS('TRANSAKSI'!$H$10:$H$1000,'TRANSAKSI'!$E$10:$E$1000,"6.2.99.06",'TRANSAKSI'!$J$10:$J$1000,8,'TRANSAKSI'!$K$10:$K$1000,TahunSel)-SUMIFS('TRANSAKSI'!$I$10:$I$1000,'TRANSAKSI'!$E$10:$E$1000,"6.2.99.06",'TRANSAKSI'!$J$10:$J$1000,8,'TRANSAKSI'!$K$10:$K$1000,TahunSel) | L43: =SUMIFS('TRANSAKSI'!$H$10:$H$1000,'TRANSAKSI'!$E$10:$E$1000,"6.2.99.06",'TRANSAKSI'!$J$10:$J$1000,9,'TRANSAKSI'!$K$10:$K$1000,TahunSel)-SUMIFS('TRANSAKSI'!$I$10:$I$1000,'TRANSAKSI'!$E$10:$E$1000,"6.2.99.06",'TRANSAKSI'!$J$10:$J$1000,9,'TRANSAKSI'!$K$10:$K$1000,TahunSel) | M43: =SUMIFS('TRANSAKSI'!$H$10:$H$1000,'TRANSAKSI'!$E$10:$E$1000,"6.2.99.06",'TRANSAKSI'!$J$10:$J$1000,10,'TRANSAKSI'!$K$10:$K$1000,TahunSel)-SUMIFS('TRANSAKSI'!$I$10:$I$1000,'TRANSAKSI'!$E$10:$E$1000,"6.2.99.06",'TRANSAKSI'!$J$10:$J$1000,10,'TRANSAKSI'!$K$10:$K$1000,TahunSel) | N43: =SUMIFS('TRANSAKSI'!$H$10:$H$1000,'TRANSAKSI'!$E$10:$E$1000,"6.2.99.06",'TRANSAKSI'!$J$10:$J$1000,11,'TRANSAKSI'!$K$10:$K$1000,TahunSel)-SUMIFS('TRANSAKSI'!$I$10:$I$1000,'TRANSAKSI'!$E$10:$E$1000,"6.2.99.06",'TRANSAKSI'!$J$10:$J$1000,11,'TRANSAKSI'!$K$10:$K$1000,TahunSel) | O43: =SUMIFS('TRANSAKSI'!$H$10:$H$1000,'TRANSAKSI'!$E$10:$E$1000,"6.2.99.06",'TRANSAKSI'!$J$10:$J$1000,12,'TRANSAKSI'!$K$10:$K$1000,TahunSel)-SUMIFS('TRANSAKSI'!$I$10:$I$1000,'TRANSAKSI'!$E$10:$E$1000,"6.2.99.06",'TRANSAKSI'!$J$10:$J$1000,12,'TRANSAKSI'!$K$10:$K$1000,TahunSel) | P43: =SUM(D43:O43)
A44: 6.2.99.07 | B44: Beban Vaksinasi dan Obat | C44: Beban | D44: =SUMIFS('TRANSAKSI'!$H$10:$H$1000,'TRANSAKSI'!$E$10:$E$1000,"6.2.99.07",'TRANSAKSI'!$J$10:$J$1000,1,'TRANSAKSI'!$K$10:$K$1000,TahunSel)-SUMIFS('TRANSAKSI'!$I$10:$I$1000,'TRANSAKSI'!$E$10:$E$1000,"6.2.99.07",'TRANSAKSI'!$J$10:$J$1000,1,'TRANSAKSI'!$K$10:$K$1000,TahunSel) | E44: =SUMIFS('TRANSAKSI'!$H$10:$H$1000,'TRANSAKSI'!$E$10:$E$1000,"6.2.99.07",'TRANSAKSI'!$J$10:$J$1000,2,'TRANSAKSI'!$K$10:$K$1000,TahunSel)-SUMIFS('TRANSAKSI'!$I$10:$I$1000,'TRANSAKSI'!$E$10:$E$1000,"6.2.99.07",'TRANSAKSI'!$J$10:$J$1000,2,'TRANSAKSI'!$K$10:$K$1000,TahunSel) | F44: =SUMIFS('TRANSAKSI'!$H$10:$H$1000,'TRANSAKSI'!$E$10:$E$1000,"6.2.99.07",'TRANSAKSI'!$J$10:$J$1000,3,'TRANSAKSI'!$K$10:$K$1000,TahunSel)-SUMIFS('TRANSAKSI'!$I$10:$I$1000,'TRANSAKSI'!$E$10:$E$1000,"6.2.99.07",'TRANSAKSI'!$J$10:$J$1000,3,'TRANSAKSI'!$K$10:$K$1000,TahunSel) | G44: =SUMIFS('TRANSAKSI'!$H$10:$H$1000,'TRANSAKSI'!$E$10:$E$1000,"6.2.99.07",'TRANSAKSI'!$J$10:$J$1000,4,'TRANSAKSI'!$K$10:$K$1000,TahunSel)-SUMIFS('TRANSAKSI'!$I$10:$I$1000,'TRANSAKSI'!$E$10:$E$1000,"6.2.99.07",'TRANSAKSI'!$J$10:$J$1000,4,'TRANSAKSI'!$K$10:$K$1000,TahunSel) | H44: =SUMIFS('TRANSAKSI'!$H$10:$H$1000,'TRANSAKSI'!$E$10:$E$1000,"6.2.99.07",'TRANSAKSI'!$J$10:$J$1000,5,'TRANSAKSI'!$K$10:$K$1000,TahunSel)-SUMIFS('TRANSAKSI'!$I$10:$I$1000,'TRANSAKSI'!$E$10:$E$1000,"6.2.99.07",'TRANSAKSI'!$J$10:$J$1000,5,'TRANSAKSI'!$K$10:$K$1000,TahunSel) | I44: =SUMIFS('TRANSAKSI'!$H$10:$H$1000,'TRANSAKSI'!$E$10:$E$1000,"6.2.99.07",'TRANSAKSI'!$J$10:$J$1000,6,'TRANSAKSI'!$K$10:$K$1000,TahunSel)-SUMIFS('TRANSAKSI'!$I$10:$I$1000,'TRANSAKSI'!$E$10:$E$1000,"6.2.99.07",'TRANSAKSI'!$J$10:$J$1000,6,'TRANSAKSI'!$K$10:$K$1000,TahunSel) | J44: =SUMIFS('TRANSAKSI'!$H$10:$H$1000,'TRANSAKSI'!$E$10:$E$1000,"6.2.99.07",'TRANSAKSI'!$J$10:$J$1000,7,'TRANSAKSI'!$K$10:$K$1000,TahunSel)-SUMIFS('TRANSAKSI'!$I$10:$I$1000,'TRANSAKSI'!$E$10:$E$1000,"6.2.99.07",'TRANSAKSI'!$J$10:$J$1000,7,'TRANSAKSI'!$K$10:$K$1000,TahunSel) | K44: =SUMIFS('TRANSAKSI'!$H$10:$H$1000,'TRANSAKSI'!$E$10:$E$1000,"6.2.99.07",'TRANSAKSI'!$J$10:$J$1000,8,'TRANSAKSI'!$K$10:$K$1000,TahunSel)-SUMIFS('TRANSAKSI'!$I$10:$I$1000,'TRANSAKSI'!$E$10:$E$1000,"6.2.99.07",'TRANSAKSI'!$J$10:$J$1000,8,'TRANSAKSI'!$K$10:$K$1000,TahunSel) | L44: =SUMIFS('TRANSAKSI'!$H$10:$H$1000,'TRANSAKSI'!$E$10:$E$1000,"6.2.99.07",'TRANSAKSI'!$J$10:$J$1000,9,'TRANSAKSI'!$K$10:$K$1000,TahunSel)-SUMIFS('TRANSAKSI'!$I$10:$I$1000,'TRANSAKSI'!$E$10:$E$1000,"6.2.99.07",'TRANSAKSI'!$J$10:$J$1000,9,'TRANSAKSI'!$K$10:$K$1000,TahunSel) | M44: =SUMIFS('TRANSAKSI'!$H$10:$H$1000,'TRANSAKSI'!$E$10:$E$1000,"6.2.99.07",'TRANSAKSI'!$J$10:$J$1000,10,'TRANSAKSI'!$K$10:$K$1000,TahunSel)-SUMIFS('TRANSAKSI'!$I$10:$I$1000,'TRANSAKSI'!$E$10:$E$1000,"6.2.99.07",'TRANSAKSI'!$J$10:$J$1000,10,'TRANSAKSI'!$K$10:$K$1000,TahunSel) | N44: =SUMIFS('TRANSAKSI'!$H$10:$H$1000,'TRANSAKSI'!$E$10:$E$1000,"6.2.99.07",'TRANSAKSI'!$J$10:$J$1000,11,'TRANSAKSI'!$K$10:$K$1000,TahunSel)-SUMIFS('TRANSAKSI'!$I$10:$I$1000,'TRANSAKSI'!$E$10:$E$1000,"6.2.99.07",'TRANSAKSI'!$J$10:$J$1000,11,'TRANSAKSI'!$K$10:$K$1000,TahunSel) | O44: =SUMIFS('TRANSAKSI'!$H$10:$H$1000,'TRANSAKSI'!$E$10:$E$1000,"6.2.99.07",'TRANSAKSI'!$J$10:$J$1000,12,'TRANSAKSI'!$K$10:$K$1000,TahunSel)-SUMIFS('TRANSAKSI'!$I$10:$I$1000,'TRANSAKSI'!$E$10:$E$1000,"6.2.99.07",'TRANSAKSI'!$J$10:$J$1000,12,'TRANSAKSI'!$K$10:$K$1000,TahunSel) | P44: =SUM(D44:O44)
A45: 6.2.99.99 | B45: Beban Operasional Lainnya | C45: Beban | D45: =SUMIFS('TRANSAKSI'!$H$10:$H$1000,'TRANSAKSI'!$E$10:$E$1000,"6.2.99.99",'TRANSAKSI'!$J$10:$J$1000,1,'TRANSAKSI'!$K$10:$K$1000,TahunSel)-SUMIFS('TRANSAKSI'!$I$10:$I$1000,'TRANSAKSI'!$E$10:$E$1000,"6.2.99.99",'TRANSAKSI'!$J$10:$J$1000,1,'TRANSAKSI'!$K$10:$K$1000,TahunSel) | E45: =SUMIFS('TRANSAKSI'!$H$10:$H$1000,'TRANSAKSI'!$E$10:$E$1000,"6.2.99.99",'TRANSAKSI'!$J$10:$J$1000,2,'TRANSAKSI'!$K$10:$K$1000,TahunSel)-SUMIFS('TRANSAKSI'!$I$10:$I$1000,'TRANSAKSI'!$E$10:$E$1000,"6.2.99.99",'TRANSAKSI'!$J$10:$J$1000,2,'TRANSAKSI'!$K$10:$K$1000,TahunSel) | F45: =SUMIFS('TRANSAKSI'!$H$10:$H$1000,'TRANSAKSI'!$E$10:$E$1000,"6.2.99.99",'TRANSAKSI'!$J$10:$J$1000,3,'TRANSAKSI'!$K$10:$K$1000,TahunSel)-SUMIFS('TRANSAKSI'!$I$10:$I$1000,'TRANSAKSI'!$E$10:$E$1000,"6.2.99.99",'TRANSAKSI'!$J$10:$J$1000,3,'TRANSAKSI'!$K$10:$K$1000,TahunSel) | G45: =SUMIFS('TRANSAKSI'!$H$10:$H$1000,'TRANSAKSI'!$E$10:$E$1000,"6.2.99.99",'TRANSAKSI'!$J$10:$J$1000,4,'TRANSAKSI'!$K$10:$K$1000,TahunSel)-SUMIFS('TRANSAKSI'!$I$10:$I$1000,'TRANSAKSI'!$E$10:$E$1000,"6.2.99.99",'TRANSAKSI'!$J$10:$J$1000,4,'TRANSAKSI'!$K$10:$K$1000,TahunSel) | H45: =SUMIFS('TRANSAKSI'!$H$10:$H$1000,'TRANSAKSI'!$E$10:$E$1000,"6.2.99.99",'TRANSAKSI'!$J$10:$J$1000,5,'TRANSAKSI'!$K$10:$K$1000,TahunSel)-SUMIFS('TRANSAKSI'!$I$10:$I$1000,'TRANSAKSI'!$E$10:$E$1000,"6.2.99.99",'TRANSAKSI'!$J$10:$J$1000,5,'TRANSAKSI'!$K$10:$K$1000,TahunSel) | I45: =SUMIFS('TRANSAKSI'!$H$10:$H$1000,'TRANSAKSI'!$E$10:$E$1000,"6.2.99.99",'TRANSAKSI'!$J$10:$J$1000,6,'TRANSAKSI'!$K$10:$K$1000,TahunSel)-SUMIFS('TRANSAKSI'!$I$10:$I$1000,'TRANSAKSI'!$E$10:$E$1000,"6.2.99.99",'TRANSAKSI'!$J$10:$J$1000,6,'TRANSAKSI'!$K$10:$K$1000,TahunSel) | J45: =SUMIFS('TRANSAKSI'!$H$10:$H$1000,'TRANSAKSI'!$E$10:$E$1000,"6.2.99.99",'TRANSAKSI'!$J$10:$J$1000,7,'TRANSAKSI'!$K$10:$K$1000,TahunSel)-SUMIFS('TRANSAKSI'!$I$10:$I$1000,'TRANSAKSI'!$E$10:$E$1000,"6.2.99.99",'TRANSAKSI'!$J$10:$J$1000,7,'TRANSAKSI'!$K$10:$K$1000,TahunSel) | K45: =SUMIFS('TRANSAKSI'!$H$10:$H$1000,'TRANSAKSI'!$E$10:$E$1000,"6.2.99.99",'TRANSAKSI'!$J$10:$J$1000,8,'TRANSAKSI'!$K$10:$K$1000,TahunSel)-SUMIFS('TRANSAKSI'!$I$10:$I$1000,'TRANSAKSI'!$E$10:$E$1000,"6.2.99.99",'TRANSAKSI'!$J$10:$J$1000,8,'TRANSAKSI'!$K$10:$K$1000,TahunSel) | L45: =SUMIFS('TRANSAKSI'!$H$10:$H$1000,'TRANSAKSI'!$E$10:$E$1000,"6.2.99.99",'TRANSAKSI'!$J$10:$J$1000,9,'TRANSAKSI'!$K$10:$K$1000,TahunSel)-SUMIFS('TRANSAKSI'!$I$10:$I$1000,'TRANSAKSI'!$E$10:$E$1000,"6.2.99.99",'TRANSAKSI'!$J$10:$J$1000,9,'TRANSAKSI'!$K$10:$K$1000,TahunSel) | M45: =SUMIFS('TRANSAKSI'!$H$10:$H$1000,'TRANSAKSI'!$E$10:$E$1000,"6.2.99.99",'TRANSAKSI'!$J$10:$J$1000,10,'TRANSAKSI'!$K$10:$K$1000,TahunSel)-SUMIFS('TRANSAKSI'!$I$10:$I$1000,'TRANSAKSI'!$E$10:$E$1000,"6.2.99.99",'TRANSAKSI'!$J$10:$J$1000,10,'TRANSAKSI'!$K$10:$K$1000,TahunSel) | N45: =SUMIFS('TRANSAKSI'!$H$10:$H$1000,'TRANSAKSI'!$E$10:$E$1000,"6.2.99.99",'TRANSAKSI'!$J$10:$J$1000,11,'TRANSAKSI'!$K$10:$K$1000,TahunSel)-SUMIFS('TRANSAKSI'!$I$10:$I$1000,'TRANSAKSI'!$E$10:$E$1000,"6.2.99.99",'TRANSAKSI'!$J$10:$J$1000,11,'TRANSAKSI'!$K$10:$K$1000,TahunSel) | O45: =SUMIFS('TRANSAKSI'!$H$10:$H$1000,'TRANSAKSI'!$E$10:$E$1000,"6.2.99.99",'TRANSAKSI'!$J$10:$J$1000,12,'TRANSAKSI'!$K$10:$K$1000,TahunSel)-SUMIFS('TRANSAKSI'!$I$10:$I$1000,'TRANSAKSI'!$E$10:$E$1000,"6.2.99.99",'TRANSAKSI'!$J$10:$J$1000,12,'TRANSAKSI'!$K$10:$K$1000,TahunSel) | P45: =SUM(D45:O45)
A46: 7.2.01.01 | B46: Beban Administrasi Bank | C46: Beban | D46: =SUMIFS('TRANSAKSI'!$H$10:$H$1000,'TRANSAKSI'!$E$10:$E$1000,"7.2.01.01",'TRANSAKSI'!$J$10:$J$1000,1,'TRANSAKSI'!$K$10:$K$1000,TahunSel)-SUMIFS('TRANSAKSI'!$I$10:$I$1000,'TRANSAKSI'!$E$10:$E$1000,"7.2.01.01",'TRANSAKSI'!$J$10:$J$1000,1,'TRANSAKSI'!$K$10:$K$1000,TahunSel) | E46: =SUMIFS('TRANSAKSI'!$H$10:$H$1000,'TRANSAKSI'!$E$10:$E$1000,"7.2.01.01",'TRANSAKSI'!$J$10:$J$1000,2,'TRANSAKSI'!$K$10:$K$1000,TahunSel)-SUMIFS('TRANSAKSI'!$I$10:$I$1000,'TRANSAKSI'!$E$10:$E$1000,"7.2.01.01",'TRANSAKSI'!$J$10:$J$1000,2,'TRANSAKSI'!$K$10:$K$1000,TahunSel) | F46: =SUMIFS('TRANSAKSI'!$H$10:$H$1000,'TRANSAKSI'!$E$10:$E$1000,"7.2.01.01",'TRANSAKSI'!$J$10:$J$1000,3,'TRANSAKSI'!$K$10:$K$1000,TahunSel)-SUMIFS('TRANSAKSI'!$I$10:$I$1000,'TRANSAKSI'!$E$10:$E$1000,"7.2.01.01",'TRANSAKSI'!$J$10:$J$1000,3,'TRANSAKSI'!$K$10:$K$1000,TahunSel) | G46: =SUMIFS('TRANSAKSI'!$H$10:$H$1000,'TRANSAKSI'!$E$10:$E$1000,"7.2.01.01",'TRANSAKSI'!$J$10:$J$1000,4,'TRANSAKSI'!$K$10:$K$1000,TahunSel)-SUMIFS('TRANSAKSI'!$I$10:$I$1000,'TRANSAKSI'!$E$10:$E$1000,"7.2.01.01",'TRANSAKSI'!$J$10:$J$1000,4,'TRANSAKSI'!$K$10:$K$1000,TahunSel) | H46: =SUMIFS('TRANSAKSI'!$H$10:$H$1000,'TRANSAKSI'!$E$10:$E$1000,"7.2.01.01",'TRANSAKSI'!$J$10:$J$1000,5,'TRANSAKSI'!$K$10:$K$1000,TahunSel)-SUMIFS('TRANSAKSI'!$I$10:$I$1000,'TRANSAKSI'!$E$10:$E$1000,"7.2.01.01",'TRANSAKSI'!$J$10:$J$1000,5,'TRANSAKSI'!$K$10:$K$1000,TahunSel) | I46: =SUMIFS('TRANSAKSI'!$H$10:$H$1000,'TRANSAKSI'!$E$10:$E$1000,"7.2.01.01",'TRANSAKSI'!$J$10:$J$1000,6,'TRANSAKSI'!$K$10:$K$1000,TahunSel)-SUMIFS('TRANSAKSI'!$I$10:$I$1000,'TRANSAKSI'!$E$10:$E$1000,"7.2.01.01",'TRANSAKSI'!$J$10:$J$1000,6,'TRANSAKSI'!$K$10:$K$1000,TahunSel) | J46: =SUMIFS('TRANSAKSI'!$H$10:$H$1000,'TRANSAKSI'!$E$10:$E$1000,"7.2.01.01",'TRANSAKSI'!$J$10:$J$1000,7,'TRANSAKSI'!$K$10:$K$1000,TahunSel)-SUMIFS('TRANSAKSI'!$I$10:$I$1000,'TRANSAKSI'!$E$10:$E$1000,"7.2.01.01",'TRANSAKSI'!$J$10:$J$1000,7,'TRANSAKSI'!$K$10:$K$1000,TahunSel) | K46: =SUMIFS('TRANSAKSI'!$H$10:$H$1000,'TRANSAKSI'!$E$10:$E$1000,"7.2.01.01",'TRANSAKSI'!$J$10:$J$1000,8,'TRANSAKSI'!$K$10:$K$1000,TahunSel)-SUMIFS('TRANSAKSI'!$I$10:$I$1000,'TRANSAKSI'!$E$10:$E$1000,"7.2.01.01",'TRANSAKSI'!$J$10:$J$1000,8,'TRANSAKSI'!$K$10:$K$1000,TahunSel) | L46: =SUMIFS('TRANSAKSI'!$H$10:$H$1000,'TRANSAKSI'!$E$10:$E$1000,"7.2.01.01",'TRANSAKSI'!$J$10:$J$1000,9,'TRANSAKSI'!$K$10:$K$1000,TahunSel)-SUMIFS('TRANSAKSI'!$I$10:$I$1000,'TRANSAKSI'!$E$10:$E$1000,"7.2.01.01",'TRANSAKSI'!$J$10:$J$1000,9,'TRANSAKSI'!$K$10:$K$1000,TahunSel) | M46: =SUMIFS('TRANSAKSI'!$H$10:$H$1000,'TRANSAKSI'!$E$10:$E$1000,"7.2.01.01",'TRANSAKSI'!$J$10:$J$1000,10,'TRANSAKSI'!$K$10:$K$1000,TahunSel)-SUMIFS('TRANSAKSI'!$I$10:$I$1000,'TRANSAKSI'!$E$10:$E$1000,"7.2.01.01",'TRANSAKSI'!$J$10:$J$1000,10,'TRANSAKSI'!$K$10:$K$1000,TahunSel) | N46: =SUMIFS('TRANSAKSI'!$H$10:$H$1000,'TRANSAKSI'!$E$10:$E$1000,"7.2.01.01",'TRANSAKSI'!$J$10:$J$1000,11,'TRANSAKSI'!$K$10:$K$1000,TahunSel)-SUMIFS('TRANSAKSI'!$I$10:$I$1000,'TRANSAKSI'!$E$10:$E$1000,"7.2.01.01",'TRANSAKSI'!$J$10:$J$1000,11,'TRANSAKSI'!$K$10:$K$1000,TahunSel) | O46: =SUMIFS('TRANSAKSI'!$H$10:$H$1000,'TRANSAKSI'!$E$10:$E$1000,"7.2.01.01",'TRANSAKSI'!$J$10:$J$1000,12,'TRANSAKSI'!$K$10:$K$1000,TahunSel)-SUMIFS('TRANSAKSI'!$I$10:$I$1000,'TRANSAKSI'!$E$10:$E$1000,"7.2.01.01",'TRANSAKSI'!$J$10:$J$1000,12,'TRANSAKSI'!$K$10:$K$1000,TahunSel) | P46: =SUM(D46:O46)
A47: 7.3.01.03 | B47: Beban Pajak Daerah | C47: Beban | D47: =SUMIFS('TRANSAKSI'!$H$10:$H$1000,'TRANSAKSI'!$E$10:$E$1000,"7.3.01.03",'TRANSAKSI'!$J$10:$J$1000,1,'TRANSAKSI'!$K$10:$K$1000,TahunSel)-SUMIFS('TRANSAKSI'!$I$10:$I$1000,'TRANSAKSI'!$E$10:$E$1000,"7.3.01.03",'TRANSAKSI'!$J$10:$J$1000,1,'TRANSAKSI'!$K$10:$K$1000,TahunSel) | E47: =SUMIFS('TRANSAKSI'!$H$10:$H$1000,'TRANSAKSI'!$E$10:$E$1000,"7.3.01.03",'TRANSAKSI'!$J$10:$J$1000,2,'TRANSAKSI'!$K$10:$K$1000,TahunSel)-SUMIFS('TRANSAKSI'!$I$10:$I$1000,'TRANSAKSI'!$E$10:$E$1000,"7.3.01.03",'TRANSAKSI'!$J$10:$J$1000,2,'TRANSAKSI'!$K$10:$K$1000,TahunSel) | F47: =SUMIFS('TRANSAKSI'!$H$10:$H$1000,'TRANSAKSI'!$E$10:$E$1000,"7.3.01.03",'TRANSAKSI'!$J$10:$J$1000,3,'TRANSAKSI'!$K$10:$K$1000,TahunSel)-SUMIFS('TRANSAKSI'!$I$10:$I$1000,'TRANSAKSI'!$E$10:$E$1000,"7.3.01.03",'TRANSAKSI'!$J$10:$J$1000,3,'TRANSAKSI'!$K$10:$K$1000,TahunSel) | G47: =SUMIFS('TRANSAKSI'!$H$10:$H$1000,'TRANSAKSI'!$E$10:$E$1000,"7.3.01.03",'TRANSAKSI'!$J$10:$J$1000,4,'TRANSAKSI'!$K$10:$K$1000,TahunSel)-SUMIFS('TRANSAKSI'!$I$10:$I$1000,'TRANSAKSI'!$E$10:$E$1000,"7.3.01.03",'TRANSAKSI'!$J$10:$J$1000,4,'TRANSAKSI'!$K$10:$K$1000,TahunSel) | H47: =SUMIFS('TRANSAKSI'!$H$10:$H$1000,'TRANSAKSI'!$E$10:$E$1000,"7.3.01.03",'TRANSAKSI'!$J$10:$J$1000,5,'TRANSAKSI'!$K$10:$K$1000,TahunSel)-SUMIFS('TRANSAKSI'!$I$10:$I$1000,'TRANSAKSI'!$E$10:$E$1000,"7.3.01.03",'TRANSAKSI'!$J$10:$J$1000,5,'TRANSAKSI'!$K$10:$K$1000,TahunSel) | I47: =SUMIFS('TRANSAKSI'!$H$10:$H$1000,'TRANSAKSI'!$E$10:$E$1000,"7.3.01.03",'TRANSAKSI'!$J$10:$J$1000,6,'TRANSAKSI'!$K$10:$K$1000,TahunSel)-SUMIFS('TRANSAKSI'!$I$10:$I$1000,'TRANSAKSI'!$E$10:$E$1000,"7.3.01.03",'TRANSAKSI'!$J$10:$J$1000,6,'TRANSAKSI'!$K$10:$K$1000,TahunSel) | J47: =SUMIFS('TRANSAKSI'!$H$10:$H$1000,'TRANSAKSI'!$E$10:$E$1000,"7.3.01.03",'TRANSAKSI'!$J$10:$J$1000,7,'TRANSAKSI'!$K$10:$K$1000,TahunSel)-SUMIFS('TRANSAKSI'!$I$10:$I$1000,'TRANSAKSI'!$E$10:$E$1000,"7.3.01.03",'TRANSAKSI'!$J$10:$J$1000,7,'TRANSAKSI'!$K$10:$K$1000,TahunSel) | K47: =SUMIFS('TRANSAKSI'!$H$10:$H$1000,'TRANSAKSI'!$E$10:$E$1000,"7.3.01.03",'TRANSAKSI'!$J$10:$J$1000,8,'TRANSAKSI'!$K$10:$K$1000,TahunSel)-SUMIFS('TRANSAKSI'!$I$10:$I$1000,'TRANSAKSI'!$E$10:$E$1000,"7.3.01.03",'TRANSAKSI'!$J$10:$J$1000,8,'TRANSAKSI'!$K$10:$K$1000,TahunSel) | L47: =SUMIFS('TRANSAKSI'!$H$10:$H$1000,'TRANSAKSI'!$E$10:$E$1000,"7.3.01.03",'TRANSAKSI'!$J$10:$J$1000,9,'TRANSAKSI'!$K$10:$K$1000,TahunSel)-SUMIFS('TRANSAKSI'!$I$10:$I$1000,'TRANSAKSI'!$E$10:$E$1000,"7.3.01.03",'TRANSAKSI'!$J$10:$J$1000,9,'TRANSAKSI'!$K$10:$K$1000,TahunSel) | M47: =SUMIFS('TRANSAKSI'!$H$10:$H$1000,'TRANSAKSI'!$E$10:$E$1000,"7.3.01.03",'TRANSAKSI'!$J$10:$J$1000,10,'TRANSAKSI'!$K$10:$K$1000,TahunSel)-SUMIFS('TRANSAKSI'!$I$10:$I$1000,'TRANSAKSI'!$E$10:$E$1000,"7.3.01.03",'TRANSAKSI'!$J$10:$J$1000,10,'TRANSAKSI'!$K$10:$K$1000,TahunSel) | N47: =SUMIFS('TRANSAKSI'!$H$10:$H$1000,'TRANSAKSI'!$E$10:$E$1000,"7.3.01.03",'TRANSAKSI'!$J$10:$J$1000,11,'TRANSAKSI'!$K$10:$K$1000,TahunSel)-SUMIFS('TRANSAKSI'!$I$10:$I$1000,'TRANSAKSI'!$E$10:$E$1000,"7.3.01.03",'TRANSAKSI'!$J$10:$J$1000,11,'TRANSAKSI'!$K$10:$K$1000,TahunSel) | O47: =SUMIFS('TRANSAKSI'!$H$10:$H$1000,'TRANSAKSI'!$E$10:$E$1000,"7.3.01.03",'TRANSAKSI'!$J$10:$J$1000,12,'TRANSAKSI'!$K$10:$K$1000,TahunSel)-SUMIFS('TRANSAKSI'!$I$10:$I$1000,'TRANSAKSI'!$E$10:$E$1000,"7.3.01.03",'TRANSAKSI'!$J$10:$J$1000,12,'TRANSAKSI'!$K$10:$K$1000,TahunSel) | P47: =SUM(D47:O47)
B48: Total Beban | D48: =SUM(D24:D47) | E48: =SUM(E24:E47) | F48: =SUM(F24:F47) | G48: =SUM(G24:G47) | H48: =SUM(H24:H47) | I48: =SUM(I24:I47) | J48: =SUM(J24:J47) | K48: =SUM(K24:K47) | ... P48: =SUM(P24:P47)
B50: SURPLUS / (RUGI) PER BULAN | D50: =D21-D48 | E50: =E21-E48 | F50: =F21-F48 | G50: =G21-G48 | H50: =H21-H48 | I50: =I21-I48 | J50: =J21-J48 | K50: =K21-K48 | ... P50: =P21-P48
B52: SALDO KAS AKHIR (akun 1.1.01*) | D52: =SUMIFS('TRANSAKSI'!$H$10:$H$1000,'TRANSAKSI'!$E$10:$E$1000,"1.1.01*",'TRANSAKSI'!$B$10:$B$1000,"<="&EOMONTH(DATE(TahunSel,1,1),0))-SUMIFS('TRANSAKSI'!$I$10:$I$1000,'TRANSAKSI'!$E$10:$E$1000,"1.1.01*",'TRANSAKSI'!$B$10:$B$1000,"<="&EOMONTH(DATE(TahunSel,1,1),0)) | E52: =SUMIFS('TRANSAKSI'!$H$10:$H$1000,'TRANSAKSI'!$E$10:$E$1000,"1.1.01*",'TRANSAKSI'!$B$10:$B$1000,"<="&EOMONTH(DATE(TahunSel,2,1),0))-SUMIFS('TRANSAKSI'!$I$10:$I$1000,'TRANSAKSI'!$E$10:$E$1000,"1.1.01*",'TRANSAKSI'!$B$10:$B$1000,"<="&EOMONTH(DATE(TahunSel,2,1),0)) | F52: =SUMIFS('TRANSAKSI'!$H$10:$H$1000,'TRANSAKSI'!$E$10:$E$1000,"1.1.01*",'TRANSAKSI'!$B$10:$B$1000,"<="&EOMONTH(DATE(TahunSel,3,1),0))-SUMIFS('TRANSAKSI'!$I$10:$I$1000,'TRANSAKSI'!$E$10:$E$1000,"1.1.01*",'TRANSAKSI'!$B$10:$B$1000,"<="&EOMONTH(DATE(TahunSel,3,1),0)) | G52: =SUMIFS('TRANSAKSI'!$H$10:$H$1000,'TRANSAKSI'!$E$10:$E$1000,"1.1.01*",'TRANSAKSI'!$B$10:$B$1000,"<="&EOMONTH(DATE(TahunSel,4,1),0))-SUMIFS('TRANSAKSI'!$I$10:$I$1000,'TRANSAKSI'!$E$10:$E$1000,"1.1.01*",'TRANSAKSI'!$B$10:$B$1000,"<="&EOMONTH(DATE(TahunSel,4,1),0)) | H52: =SUMIFS('TRANSAKSI'!$H$10:$H$1000,'TRANSAKSI'!$E$10:$E$1000,"1.1.01*",'TRANSAKSI'!$B$10:$B$1000,"<="&EOMONTH(DATE(TahunSel,5,1),0))-SUMIFS('TRANSAKSI'!$I$10:$I$1000,'TRANSAKSI'!$E$10:$E$1000,"1.1.01*",'TRANSAKSI'!$B$10:$B$1000,"<="&EOMONTH(DATE(TahunSel,5,1),0)) | I52: =SUMIFS('TRANSAKSI'!$H$10:$H$1000,'TRANSAKSI'!$E$10:$E$1000,"1.1.01*",'TRANSAKSI'!$B$10:$B$1000,"<="&EOMONTH(DATE(TahunSel,6,1),0))-SUMIFS('TRANSAKSI'!$I$10:$I$1000,'TRANSAKSI'!$E$10:$E$1000,"1.1.01*",'TRANSAKSI'!$B$10:$B$1000,"<="&EOMONTH(DATE(TahunSel,6,1),0)) | J52: =SUMIFS('TRANSAKSI'!$H$10:$H$1000,'TRANSAKSI'!$E$10:$E$1000,"1.1.01*",'TRANSAKSI'!$B$10:$B$1000,"<="&EOMONTH(DATE(TahunSel,7,1),0))-SUMIFS('TRANSAKSI'!$I$10:$I$1000,'TRANSAKSI'!$E$10:$E$1000,"1.1.01*",'TRANSAKSI'!$B$10:$B$1000,"<="&EOMONTH(DATE(TahunSel,7,1),0)) | K52: =SUMIFS('TRANSAKSI'!$H$10:$H$1000,'TRANSAKSI'!$E$10:$E$1000,"1.1.01*",'TRANSAKSI'!$B$10:$B$1000,"<="&EOMONTH(DATE(TahunSel,8,1),0))-SUMIFS('TRANSAKSI'!$I$10:$I$1000,'TRANSAKSI'!$E$10:$E$1000,"1.1.01*",'TRANSAKSI'!$B$10:$B$1000,"<="&EOMONTH(DATE(TahunSel,8,1),0)) | L52: =SUMIFS('TRANSAKSI'!$H$10:$H$1000,'TRANSAKSI'!$E$10:$E$1000,"1.1.01*",'TRANSAKSI'!$B$10:$B$1000,"<="&EOMONTH(DATE(TahunSel,9,1),0))-SUMIFS('TRANSAKSI'!$I$10:$I$1000,'TRANSAKSI'!$E$10:$E$1000,"1.1.01*",'TRANSAKSI'!$B$10:$B$1000,"<="&EOMONTH(DATE(TahunSel,9,1),0)) | M52: =SUMIFS('TRANSAKSI'!$H$10:$H$1000,'TRANSAKSI'!$E$10:$E$1000,"1.1.01*",'TRANSAKSI'!$B$10:$B$1000,"<="&EOMONTH(DATE(TahunSel,10,1),0))-SUMIFS('TRANSAKSI'!$I$10:$I$1000,'TRANSAKSI'!$E$10:$E$1000,"1.1.01*",'TRANSAKSI'!$B$10:$B$1000,"<="&EOMONTH(DATE(TahunSel,10,1),0)) | N52: =SUMIFS('TRANSAKSI'!$H$10:$H$1000,'TRANSAKSI'!$E$10:$E$1000,"1.1.01*",'TRANSAKSI'!$B$10:$B$1000,"<="&EOMONTH(DATE(TahunSel,11,1),0))-SUMIFS('TRANSAKSI'!$I$10:$I$1000,'TRANSAKSI'!$E$10:$E$1000,"1.1.01*",'TRANSAKSI'!$B$10:$B$1000,"<="&EOMONTH(DATE(TahunSel,11,1),0)) | O52: =SUMIFS('TRANSAKSI'!$H$10:$H$1000,'TRANSAKSI'!$E$10:$E$1000,"1.1.01*",'TRANSAKSI'!$B$10:$B$1000,"<="&EOMONTH(DATE(TahunSel,12,1),0))-SUMIFS('TRANSAKSI'!$I$10:$I$1000,'TRANSAKSI'!$E$10:$E$1000,"1.1.01*",'TRANSAKSI'!$B$10:$B$1000,"<="&EOMONTH(DATE(TahunSel,12,1),0)) | P52: =O52
B54: Semua angka bersumber dari TRANSAKSI berdasarkan kode akun, bulan, dan tahun; bukan posisi baris.

Sheet LABA RUGI
B2: LAPORAN LABA RUGI
B3: ="Periode: "&TEXT(DATE(TahunSel,BulanSel,1),"mmmm yyyy")
A6: KODE AKUN | B6: URAIAN | C6: BULAN INI | D6: S/D BULAN INI
A7: PENDAPATAN
A8: 4.1.02.01 | B8: Pendapatan Pengelolaan Air Bersih | C8: =SUMIFS('TRANSAKSI'!$I$10:$I$1000,'TRANSAKSI'!$E$10:$E$1000,$A8,'TRANSAKSI'!$B$10:$B$1000,">="&DATE(TahunSel,BulanSel,1),'TRANSAKSI'!$B$10:$B$1000,"<="&EOMONTH(DATE(TahunSel,BulanSel,1),0))-SUMIFS('TRANSAKSI'!$H$10:$H$1000,'TRANSAKSI'!$E$10:$E$1000,$A8,'TRANSAKSI'!$B$10:$B$1000,">="&DATE(TahunSel,BulanSel,1),'TRANSAKSI'!$B$10:$B$1000,"<="&EOMONTH(DATE(TahunSel,BulanSel,1),0)) | D8: =SUMIFS('TRANSAKSI'!$I$10:$I$1000,'TRANSAKSI'!$E$10:$E$1000,$A8,'TRANSAKSI'!$B$10:$B$1000,">="&DATE(TahunSel,1,1),'TRANSAKSI'!$B$10:$B$1000,"<="&EOMONTH(DATE(TahunSel,BulanSel,1),0))-SUMIFS('TRANSAKSI'!$H$10:$H$1000,'TRANSAKSI'!$E$10:$E$1000,$A8,'TRANSAKSI'!$B$10:$B$1000,">="&DATE(TahunSel,1,1),'TRANSAKSI'!$B$10:$B$1000,"<="&EOMONTH(DATE(TahunSel,BulanSel,1),0))
A9: 4.1.03.01 | B9: Pendapatan Pengelolaan Sampah | C9: =SUMIFS('TRANSAKSI'!$I$10:$I$1000,'TRANSAKSI'!$E$10:$E$1000,$A9,'TRANSAKSI'!$B$10:$B$1000,">="&DATE(TahunSel,BulanSel,1),'TRANSAKSI'!$B$10:$B$1000,"<="&EOMONTH(DATE(TahunSel,BulanSel,1),0))-SUMIFS('TRANSAKSI'!$H$10:$H$1000,'TRANSAKSI'!$E$10:$E$1000,$A9,'TRANSAKSI'!$B$10:$B$1000,">="&DATE(TahunSel,BulanSel,1),'TRANSAKSI'!$B$10:$B$1000,"<="&EOMONTH(DATE(TahunSel,BulanSel,1),0)) | D9: =SUMIFS('TRANSAKSI'!$I$10:$I$1000,'TRANSAKSI'!$E$10:$E$1000,$A9,'TRANSAKSI'!$B$10:$B$1000,">="&DATE(TahunSel,1,1),'TRANSAKSI'!$B$10:$B$1000,"<="&EOMONTH(DATE(TahunSel,BulanSel,1),0))-SUMIFS('TRANSAKSI'!$H$10:$H$1000,'TRANSAKSI'!$E$10:$E$1000,$A9,'TRANSAKSI'!$B$10:$B$1000,">="&DATE(TahunSel,1,1),'TRANSAKSI'!$B$10:$B$1000,"<="&EOMONTH(DATE(TahunSel,BulanSel,1),0))
A10: 4.1.04.02 | B10: Pendapatan Sewa Toko dan Kios | C10: =SUMIFS('TRANSAKSI'!$I$10:$I$1000,'TRANSAKSI'!$E$10:$E$1000,$A10,'TRANSAKSI'!$B$10:$B$1000,">="&DATE(TahunSel,BulanSel,1),'TRANSAKSI'!$B$10:$B$1000,"<="&EOMONTH(DATE(TahunSel,BulanSel,1),0))-SUMIFS('TRANSAKSI'!$H$10:$H$1000,'TRANSAKSI'!$E$10:$E$1000,$A10,'TRANSAKSI'!$B$10:$B$1000,">="&DATE(TahunSel,BulanSel,1),'TRANSAKSI'!$B$10:$B$1000,"<="&EOMONTH(DATE(TahunSel,BulanSel,1),0)) | D10: =SUMIFS('TRANSAKSI'!$I$10:$I$1000,'TRANSAKSI'!$E$10:$E$1000,$A10,'TRANSAKSI'!$B$10:$B$1000,">="&DATE(TahunSel,1,1),'TRANSAKSI'!$B$10:$B$1000,"<="&EOMONTH(DATE(TahunSel,BulanSel,1),0))-SUMIFS('TRANSAKSI'!$H$10:$H$1000,'TRANSAKSI'!$E$10:$E$1000,$A10,'TRANSAKSI'!$B$10:$B$1000,">="&DATE(TahunSel,1,1),'TRANSAKSI'!$B$10:$B$1000,"<="&EOMONTH(DATE(TahunSel,BulanSel,1),0))
A11: 4.1.04.03 | B11: Pendapatan Sewa Gedung | C11: =SUMIFS('TRANSAKSI'!$I$10:$I$1000,'TRANSAKSI'!$E$10:$E$1000,$A11,'TRANSAKSI'!$B$10:$B$1000,">="&DATE(TahunSel,BulanSel,1),'TRANSAKSI'!$B$10:$B$1000,"<="&EOMONTH(DATE(TahunSel,BulanSel,1),0))-SUMIFS('TRANSAKSI'!$H$10:$H$1000,'TRANSAKSI'!$E$10:$E$1000,$A11,'TRANSAKSI'!$B$10:$B$1000,">="&DATE(TahunSel,BulanSel,1),'TRANSAKSI'!$B$10:$B$1000,"<="&EOMONTH(DATE(TahunSel,BulanSel,1),0)) | D11: =SUMIFS('TRANSAKSI'!$I$10:$I$1000,'TRANSAKSI'!$E$10:$E$1000,$A11,'TRANSAKSI'!$B$10:$B$1000,">="&DATE(TahunSel,1,1),'TRANSAKSI'!$B$10:$B$1000,"<="&EOMONTH(DATE(TahunSel,BulanSel,1),0))-SUMIFS('TRANSAKSI'!$H$10:$H$1000,'TRANSAKSI'!$E$10:$E$1000,$A11,'TRANSAKSI'!$B$10:$B$1000,">="&DATE(TahunSel,1,1),'TRANSAKSI'!$B$10:$B$1000,"<="&EOMONTH(DATE(TahunSel,BulanSel,1),0))
A12: 4.1.04.06 | B12: Pendapatan Sewa Jaring | C12: =SUMIFS('TRANSAKSI'!$I$10:$I$1000,'TRANSAKSI'!$E$10:$E$1000,$A12,'TRANSAKSI'!$B$10:$B$1000,">="&DATE(TahunSel,BulanSel,1),'TRANSAKSI'!$B$10:$B$1000,"<="&EOMONTH(DATE(TahunSel,BulanSel,1),0))-SUMIFS('TRANSAKSI'!$H$10:$H$1000,'TRANSAKSI'!$E$10:$E$1000,$A12,'TRANSAKSI'!$B$10:$B$1000,">="&DATE(TahunSel,BulanSel,1),'TRANSAKSI'!$B$10:$B$1000,"<="&EOMONTH(DATE(TahunSel,BulanSel,1),0)) | D12: =SUMIFS('TRANSAKSI'!$I$10:$I$1000,'TRANSAKSI'!$E$10:$E$1000,$A12,'TRANSAKSI'!$B$10:$B$1000,">="&DATE(TahunSel,1,1),'TRANSAKSI'!$B$10:$B$1000,"<="&EOMONTH(DATE(TahunSel,BulanSel,1),0))-SUMIFS('TRANSAKSI'!$H$10:$H$1000,'TRANSAKSI'!$E$10:$E$1000,$A12,'TRANSAKSI'!$B$10:$B$1000,">="&DATE(TahunSel,1,1),'TRANSAKSI'!$B$10:$B$1000,"<="&EOMONTH(DATE(TahunSel,BulanSel,1),0))
A13: 4.1.05.01 | B13: Pendapatan Jasa Bayar Listrik | C13: =SUMIFS('TRANSAKSI'!$I$10:$I$1000,'TRANSAKSI'!$E$10:$E$1000,$A13,'TRANSAKSI'!$B$10:$B$1000,">="&DATE(TahunSel,BulanSel,1),'TRANSAKSI'!$B$10:$B$1000,"<="&EOMONTH(DATE(TahunSel,BulanSel,1),0))-SUMIFS('TRANSAKSI'!$H$10:$H$1000,'TRANSAKSI'!$E$10:$E$1000,$A13,'TRANSAKSI'!$B$10:$B$1000,">="&DATE(TahunSel,BulanSel,1),'TRANSAKSI'!$B$10:$B$1000,"<="&EOMONTH(DATE(TahunSel,BulanSel,1),0)) | D13: =SUMIFS('TRANSAKSI'!$I$10:$I$1000,'TRANSAKSI'!$E$10:$E$1000,$A13,'TRANSAKSI'!$B$10:$B$1000,">="&DATE(TahunSel,1,1),'TRANSAKSI'!$B$10:$B$1000,"<="&EOMONTH(DATE(TahunSel,BulanSel,1),0))-SUMIFS('TRANSAKSI'!$H$10:$H$1000,'TRANSAKSI'!$E$10:$E$1000,$A13,'TRANSAKSI'!$B$10:$B$1000,">="&DATE(TahunSel,1,1),'TRANSAKSI'!$B$10:$B$1000,"<="&EOMONTH(DATE(TahunSel,BulanSel,1),0))
A14: 4.1.05.03 | B14: Pendapatan Jasa Bayar BPJS | C14: =SUMIFS('TRANSAKSI'!$I$10:$I$1000,'TRANSAKSI'!$E$10:$E$1000,$A14,'TRANSAKSI'!$B$10:$B$1000,">="&DATE(TahunSel,BulanSel,1),'TRANSAKSI'!$B$10:$B$1000,"<="&EOMONTH(DATE(TahunSel,BulanSel,1),0))-SUMIFS('TRANSAKSI'!$H$10:$H$1000,'TRANSAKSI'!$E$10:$E$1000,$A14,'TRANSAKSI'!$B$10:$B$1000,">="&DATE(TahunSel,BulanSel,1),'TRANSAKSI'!$B$10:$B$1000,"<="&EOMONTH(DATE(TahunSel,BulanSel,1),0)) | D14: =SUMIFS('TRANSAKSI'!$I$10:$I$1000,'TRANSAKSI'!$E$10:$E$1000,$A14,'TRANSAKSI'!$B$10:$B$1000,">="&DATE(TahunSel,1,1),'TRANSAKSI'!$B$10:$B$1000,"<="&EOMONTH(DATE(TahunSel,BulanSel,1),0))-SUMIFS('TRANSAKSI'!$H$10:$H$1000,'TRANSAKSI'!$E$10:$E$1000,$A14,'TRANSAKSI'!$B$10:$B$1000,">="&DATE(TahunSel,1,1),'TRANSAKSI'!$B$10:$B$1000,"<="&EOMONTH(DATE(TahunSel,BulanSel,1),0))
A15: 4.1.08.01 | B15: Pendapatan Simpan Pinjam | C15: =SUMIFS('TRANSAKSI'!$I$10:$I$1000,'TRANSAKSI'!$E$10:$E$1000,$A15,'TRANSAKSI'!$B$10:$B$1000,">="&DATE(TahunSel,BulanSel,1),'TRANSAKSI'!$B$10:$B$1000,"<="&EOMONTH(DATE(TahunSel,BulanSel,1),0))-SUMIFS('TRANSAKSI'!$H$10:$H$1000,'TRANSAKSI'!$E$10:$E$1000,$A15,'TRANSAKSI'!$B$10:$B$1000,">="&DATE(TahunSel,BulanSel,1),'TRANSAKSI'!$B$10:$B$1000,"<="&EOMONTH(DATE(TahunSel,BulanSel,1),0)) | D15: =SUMIFS('TRANSAKSI'!$I$10:$I$1000,'TRANSAKSI'!$E$10:$E$1000,$A15,'TRANSAKSI'!$B$10:$B$1000,">="&DATE(TahunSel,1,1),'TRANSAKSI'!$B$10:$B$1000,"<="&EOMONTH(DATE(TahunSel,BulanSel,1),0))-SUMIFS('TRANSAKSI'!$H$10:$H$1000,'TRANSAKSI'!$E$10:$E$1000,$A15,'TRANSAKSI'!$B$10:$B$1000,">="&DATE(TahunSel,1,1),'TRANSAKSI'!$B$10:$B$1000,"<="&EOMONTH(DATE(TahunSel,BulanSel,1),0))
A16: 4.1.11.01 | B16: Pendapatan Komisi | C16: =SUMIFS('TRANSAKSI'!$I$10:$I$1000,'TRANSAKSI'!$E$10:$E$1000,$A16,'TRANSAKSI'!$B$10:$B$1000,">="&DATE(TahunSel,BulanSel,1),'TRANSAKSI'!$B$10:$B$1000,"<="&EOMONTH(DATE(TahunSel,BulanSel,1),0))-SUMIFS('TRANSAKSI'!$H$10:$H$1000,'TRANSAKSI'!$E$10:$E$1000,$A16,'TRANSAKSI'!$B$10:$B$1000,">="&DATE(TahunSel,BulanSel,1),'TRANSAKSI'!$B$10:$B$1000,"<="&EOMONTH(DATE(TahunSel,BulanSel,1),0)) | D16: =SUMIFS('TRANSAKSI'!$I$10:$I$1000,'TRANSAKSI'!$E$10:$E$1000,$A16,'TRANSAKSI'!$B$10:$B$1000,">="&DATE(TahunSel,1,1),'TRANSAKSI'!$B$10:$B$1000,"<="&EOMONTH(DATE(TahunSel,BulanSel,1),0))-SUMIFS('TRANSAKSI'!$H$10:$H$1000,'TRANSAKSI'!$E$10:$E$1000,$A16,'TRANSAKSI'!$B$10:$B$1000,">="&DATE(TahunSel,1,1),'TRANSAKSI'!$B$10:$B$1000,"<="&EOMONTH(DATE(TahunSel,BulanSel,1),0))
A17: 4.1.12.01 | B17: Pendapatan Penjualan Jagung | C17: =SUMIFS('TRANSAKSI'!$I$10:$I$1000,'TRANSAKSI'!$E$10:$E$1000,$A17,'TRANSAKSI'!$B$10:$B$1000,">="&DATE(TahunSel,BulanSel,1),'TRANSAKSI'!$B$10:$B$1000,"<="&EOMONTH(DATE(TahunSel,BulanSel,1),0))-SUMIFS('TRANSAKSI'!$H$10:$H$1000,'TRANSAKSI'!$E$10:$E$1000,$A17,'TRANSAKSI'!$B$10:$B$1000,">="&DATE(TahunSel,BulanSel,1),'TRANSAKSI'!$B$10:$B$1000,"<="&EOMONTH(DATE(TahunSel,BulanSel,1),0)) | D17: =SUMIFS('TRANSAKSI'!$I$10:$I$1000,'TRANSAKSI'!$E$10:$E$1000,$A17,'TRANSAKSI'!$B$10:$B$1000,">="&DATE(TahunSel,1,1),'TRANSAKSI'!$B$10:$B$1000,"<="&EOMONTH(DATE(TahunSel,BulanSel,1),0))-SUMIFS('TRANSAKSI'!$H$10:$H$1000,'TRANSAKSI'!$E$10:$E$1000,$A17,'TRANSAKSI'!$B$10:$B$1000,">="&DATE(TahunSel,1,1),'TRANSAKSI'!$B$10:$B$1000,"<="&EOMONTH(DATE(TahunSel,BulanSel,1),0))
A18: 4.1.12.02 | B18: Pendapatan Penjualan Padi | C18: =SUMIFS('TRANSAKSI'!$I$10:$I$1000,'TRANSAKSI'!$E$10:$E$1000,$A18,'TRANSAKSI'!$B$10:$B$1000,">="&DATE(TahunSel,BulanSel,1),'TRANSAKSI'!$B$10:$B$1000,"<="&EOMONTH(DATE(TahunSel,BulanSel,1),0))-SUMIFS('TRANSAKSI'!$H$10:$H$1000,'TRANSAKSI'!$E$10:$E$1000,$A18,'TRANSAKSI'!$B$10:$B$1000,">="&DATE(TahunSel,BulanSel,1),'TRANSAKSI'!$B$10:$B$1000,"<="&EOMONTH(DATE(TahunSel,BulanSel,1),0)) | D18: =SUMIFS('TRANSAKSI'!$I$10:$I$1000,'TRANSAKSI'!$E$10:$E$1000,$A18,'TRANSAKSI'!$B$10:$B$1000,">="&DATE(TahunSel,1,1),'TRANSAKSI'!$B$10:$B$1000,"<="&EOMONTH(DATE(TahunSel,BulanSel,1),0))-SUMIFS('TRANSAKSI'!$H$10:$H$1000,'TRANSAKSI'!$E$10:$E$1000,$A18,'TRANSAKSI'!$B$10:$B$1000,">="&DATE(TahunSel,1,1),'TRANSAKSI'!$B$10:$B$1000,"<="&EOMONTH(DATE(TahunSel,BulanSel,1),0))
A19: 4.1.13.05 | B19: Pendapatan Penjualan Telur Ayam | C19: =SUMIFS('TRANSAKSI'!$I$10:$I$1000,'TRANSAKSI'!$E$10:$E$1000,$A19,'TRANSAKSI'!$B$10:$B$1000,">="&DATE(TahunSel,BulanSel,1),'TRANSAKSI'!$B$10:$B$1000,"<="&EOMONTH(DATE(TahunSel,BulanSel,1),0))-SUMIFS('TRANSAKSI'!$H$10:$H$1000,'TRANSAKSI'!$E$10:$E$1000,$A19,'TRANSAKSI'!$B$10:$B$1000,">="&DATE(TahunSel,BulanSel,1),'TRANSAKSI'!$B$10:$B$1000,"<="&EOMONTH(DATE(TahunSel,BulanSel,1),0)) | D19: =SUMIFS('TRANSAKSI'!$I$10:$I$1000,'TRANSAKSI'!$E$10:$E$1000,$A19,'TRANSAKSI'!$B$10:$B$1000,">="&DATE(TahunSel,1,1),'TRANSAKSI'!$B$10:$B$1000,"<="&EOMONTH(DATE(TahunSel,BulanSel,1),0))-SUMIFS('TRANSAKSI'!$H$10:$H$1000,'TRANSAKSI'!$E$10:$E$1000,$A19,'TRANSAKSI'!$B$10:$B$1000,">="&DATE(TahunSel,1,1),'TRANSAKSI'!$B$10:$B$1000,"<="&EOMONTH(DATE(TahunSel,BulanSel,1),0))
A20: 4.1.14.01 | B20: Pendapatan Penjualan Lele | C20: =SUMIFS('TRANSAKSI'!$I$10:$I$1000,'TRANSAKSI'!$E$10:$E$1000,$A20,'TRANSAKSI'!$B$10:$B$1000,">="&DATE(TahunSel,BulanSel,1),'TRANSAKSI'!$B$10:$B$1000,"<="&EOMONTH(DATE(TahunSel,BulanSel,1),0))-SUMIFS('TRANSAKSI'!$H$10:$H$1000,'TRANSAKSI'!$E$10:$E$1000,$A20,'TRANSAKSI'!$B$10:$B$1000,">="&DATE(TahunSel,BulanSel,1),'TRANSAKSI'!$B$10:$B$1000,"<="&EOMONTH(DATE(TahunSel,BulanSel,1),0)) | D20: =SUMIFS('TRANSAKSI'!$I$10:$I$1000,'TRANSAKSI'!$E$10:$E$1000,$A20,'TRANSAKSI'!$B$10:$B$1000,">="&DATE(TahunSel,1,1),'TRANSAKSI'!$B$10:$B$1000,"<="&EOMONTH(DATE(TahunSel,BulanSel,1),0))-SUMIFS('TRANSAKSI'!$H$10:$H$1000,'TRANSAKSI'!$E$10:$E$1000,$A20,'TRANSAKSI'!$B$10:$B$1000,">="&DATE(TahunSel,1,1),'TRANSAKSI'!$B$10:$B$1000,"<="&EOMONTH(DATE(TahunSel,BulanSel,1),0))
B21: Total Pendapatan | C21: =SUM(C8:C20) | D21: =SUM(D8:D20)
A23: BEBAN
A24: 6.1.02.01 | B24: Beban Alat Tulis Kantor (ATK) | C24: =SUMIFS('TRANSAKSI'!$H$10:$H$1000,'TRANSAKSI'!$E$10:$E$1000,$A24,'TRANSAKSI'!$B$10:$B$1000,">="&DATE(TahunSel,BulanSel,1),'TRANSAKSI'!$B$10:$B$1000,"<="&EOMONTH(DATE(TahunSel,BulanSel,1),0))-SUMIFS('TRANSAKSI'!$I$10:$I$1000,'TRANSAKSI'!$E$10:$E$1000,$A24,'TRANSAKSI'!$B$10:$B$1000,">="&DATE(TahunSel,BulanSel,1),'TRANSAKSI'!$B$10:$B$1000,"<="&EOMONTH(DATE(TahunSel,BulanSel,1),0)) | D24: =SUMIFS('TRANSAKSI'!$H$10:$H$1000,'TRANSAKSI'!$E$10:$E$1000,$A24,'TRANSAKSI'!$B$10:$B$1000,">="&DATE(TahunSel,1,1),'TRANSAKSI'!$B$10:$B$1000,"<="&EOMONTH(DATE(TahunSel,BulanSel,1),0))-SUMIFS('TRANSAKSI'!$I$10:$I$1000,'TRANSAKSI'!$E$10:$E$1000,$A24,'TRANSAKSI'!$B$10:$B$1000,">="&DATE(TahunSel,1,1),'TRANSAKSI'!$B$10:$B$1000,"<="&EOMONTH(DATE(TahunSel,BulanSel,1),0))
A25: 6.1.02.02 | B25: Beban Foto Copy | C25: =SUMIFS('TRANSAKSI'!$H$10:$H$1000,'TRANSAKSI'!$E$10:$E$1000,$A25,'TRANSAKSI'!$B$10:$B$1000,">="&DATE(TahunSel,BulanSel,1),'TRANSAKSI'!$B$10:$B$1000,"<="&EOMONTH(DATE(TahunSel,BulanSel,1),0))-SUMIFS('TRANSAKSI'!$I$10:$I$1000,'TRANSAKSI'!$E$10:$E$1000,$A25,'TRANSAKSI'!$B$10:$B$1000,">="&DATE(TahunSel,BulanSel,1),'TRANSAKSI'!$B$10:$B$1000,"<="&EOMONTH(DATE(TahunSel,BulanSel,1),0)) | D25: =SUMIFS('TRANSAKSI'!$H$10:$H$1000,'TRANSAKSI'!$E$10:$E$1000,$A25,'TRANSAKSI'!$B$10:$B$1000,">="&DATE(TahunSel,1,1),'TRANSAKSI'!$B$10:$B$1000,"<="&EOMONTH(DATE(TahunSel,BulanSel,1),0))-SUMIFS('TRANSAKSI'!$I$10:$I$1000,'TRANSAKSI'!$E$10:$E$1000,$A25,'TRANSAKSI'!$B$10:$B$1000,">="&DATE(TahunSel,1,1),'TRANSAKSI'!$B$10:$B$1000,"<="&EOMONTH(DATE(TahunSel,BulanSel,1),0))
A26: 6.1.02.03 | B26: Beban Konsumsi Rapat | C26: =SUMIFS('TRANSAKSI'!$H$10:$H$1000,'TRANSAKSI'!$E$10:$E$1000,$A26,'TRANSAKSI'!$B$10:$B$1000,">="&DATE(TahunSel,BulanSel,1),'TRANSAKSI'!$B$10:$B$1000,"<="&EOMONTH(DATE(TahunSel,BulanSel,1),0))-SUMIFS('TRANSAKSI'!$I$10:$I$1000,'TRANSAKSI'!$E$10:$E$1000,$A26,'TRANSAKSI'!$B$10:$B$1000,">="&DATE(TahunSel,BulanSel,1),'TRANSAKSI'!$B$10:$B$1000,"<="&EOMONTH(DATE(TahunSel,BulanSel,1),0)) | D26: =SUMIFS('TRANSAKSI'!$H$10:$H$1000,'TRANSAKSI'!$E$10:$E$1000,$A26,'TRANSAKSI'!$B$10:$B$1000,">="&DATE(TahunSel,1,1),'TRANSAKSI'!$B$10:$B$1000,"<="&EOMONTH(DATE(TahunSel,BulanSel,1),0))-SUMIFS('TRANSAKSI'!$I$10:$I$1000,'TRANSAKSI'!$E$10:$E$1000,$A26,'TRANSAKSI'!$B$10:$B$1000,">="&DATE(TahunSel,1,1),'TRANSAKSI'!$B$10:$B$1000,"<="&EOMONTH(DATE(TahunSel,BulanSel,1),0))
A27: 6.1.04.01 | B27: Beban Listrik | C27: =SUMIFS('TRANSAKSI'!$H$10:$H$1000,'TRANSAKSI'!$E$10:$E$1000,$A27,'TRANSAKSI'!$B$10:$B$1000,">="&DATE(TahunSel,BulanSel,1),'TRANSAKSI'!$B$10:$B$1000,"<="&EOMONTH(DATE(TahunSel,BulanSel,1),0))-SUMIFS('TRANSAKSI'!$I$10:$I$1000,'TRANSAKSI'!$E$10:$E$1000,$A27,'TRANSAKSI'!$B$10:$B$1000,">="&DATE(TahunSel,BulanSel,1),'TRANSAKSI'!$B$10:$B$1000,"<="&EOMONTH(DATE(TahunSel,BulanSel,1),0)) | D27: =SUMIFS('TRANSAKSI'!$H$10:$H$1000,'TRANSAKSI'!$E$10:$E$1000,$A27,'TRANSAKSI'!$B$10:$B$1000,">="&DATE(TahunSel,1,1),'TRANSAKSI'!$B$10:$B$1000,"<="&EOMONTH(DATE(TahunSel,BulanSel,1),0))-SUMIFS('TRANSAKSI'!$I$10:$I$1000,'TRANSAKSI'!$E$10:$E$1000,$A27,'TRANSAKSI'!$B$10:$B$1000,">="&DATE(TahunSel,1,1),'TRANSAKSI'!$B$10:$B$1000,"<="&EOMONTH(DATE(TahunSel,BulanSel,1),0))
A28: 6.1.04.02 | B28: Beban Telepon/Internet | C28: =SUMIFS('TRANSAKSI'!$H$10:$H$1000,'TRANSAKSI'!$E$10:$E$1000,$A28,'TRANSAKSI'!$B$10:$B$1000,">="&DATE(TahunSel,BulanSel,1),'TRANSAKSI'!$B$10:$B$1000,"<="&EOMONTH(DATE(TahunSel,BulanSel,1),0))-SUMIFS('TRANSAKSI'!$I$10:$I$1000,'TRANSAKSI'!$E$10:$E$1000,$A28,'TRANSAKSI'!$B$10:$B$1000,">="&DATE(TahunSel,BulanSel,1),'TRANSAKSI'!$B$10:$B$1000,"<="&EOMONTH(DATE(TahunSel,BulanSel,1),0)) | D28: =SUMIFS('TRANSAKSI'!$H$10:$H$1000,'TRANSAKSI'!$E$10:$E$1000,$A28,'TRANSAKSI'!$B$10:$B$1000,">="&DATE(TahunSel,1,1),'TRANSAKSI'!$B$10:$B$1000,"<="&EOMONTH(DATE(TahunSel,BulanSel,1),0))-SUMIFS('TRANSAKSI'!$I$10:$I$1000,'TRANSAKSI'!$E$10:$E$1000,$A28,'TRANSAKSI'!$B$10:$B$1000,">="&DATE(TahunSel,1,1),'TRANSAKSI'!$B$10:$B$1000,"<="&EOMONTH(DATE(TahunSel,BulanSel,1),0))
A29: 6.1.07.02 | B29: Beban Penyusutan Kendaraan | C29: =SUMIFS('TRANSAKSI'!$H$10:$H$1000,'TRANSAKSI'!$E$10:$E$1000,$A29,'TRANSAKSI'!$B$10:$B$1000,">="&DATE(TahunSel,BulanSel,1),'TRANSAKSI'!$B$10:$B$1000,"<="&EOMONTH(DATE(TahunSel,BulanSel,1),0))-SUMIFS('TRANSAKSI'!$I$10:$I$1000,'TRANSAKSI'!$E$10:$E$1000,$A29,'TRANSAKSI'!$B$10:$B$1000,">="&DATE(TahunSel,BulanSel,1),'TRANSAKSI'!$B$10:$B$1000,"<="&EOMONTH(DATE(TahunSel,BulanSel,1),0)) | D29: =SUMIFS('TRANSAKSI'!$H$10:$H$1000,'TRANSAKSI'!$E$10:$E$1000,$A29,'TRANSAKSI'!$B$10:$B$1000,">="&DATE(TahunSel,1,1),'TRANSAKSI'!$B$10:$B$1000,"<="&EOMONTH(DATE(TahunSel,BulanSel,1),0))-SUMIFS('TRANSAKSI'!$I$10:$I$1000,'TRANSAKSI'!$E$10:$E$1000,$A29,'TRANSAKSI'!$B$10:$B$1000,">="&DATE(TahunSel,1,1),'TRANSAKSI'!$B$10:$B$1000,"<="&EOMONTH(DATE(TahunSel,BulanSel,1),0))
A30: 6.1.07.03 | B30: Beban Penyusutan Peralatan dan Mesin | C30: =SUMIFS('TRANSAKSI'!$H$10:$H$1000,'TRANSAKSI'!$E$10:$E$1000,$A30,'TRANSAKSI'!$B$10:$B$1000,">="&DATE(TahunSel,BulanSel,1),'TRANSAKSI'!$B$10:$B$1000,"<="&EOMONTH(DATE(TahunSel,BulanSel,1),0))-SUMIFS('TRANSAKSI'!$I$10:$I$1000,'TRANSAKSI'!$E$10:$E$1000,$A30,'TRANSAKSI'!$B$10:$B$1000,">="&DATE(TahunSel,BulanSel,1),'TRANSAKSI'!$B$10:$B$1000,"<="&EOMONTH(DATE(TahunSel,BulanSel,1),0)) | D30: =SUMIFS('TRANSAKSI'!$H$10:$H$1000,'TRANSAKSI'!$E$10:$E$1000,$A30,'TRANSAKSI'!$B$10:$B$1000,">="&DATE(TahunSel,1,1),'TRANSAKSI'!$B$10:$B$1000,"<="&EOMONTH(DATE(TahunSel,BulanSel,1),0))-SUMIFS('TRANSAKSI'!$I$10:$I$1000,'TRANSAKSI'!$E$10:$E$1000,$A30,'TRANSAKSI'!$B$10:$B$1000,">="&DATE(TahunSel,1,1),'TRANSAKSI'!$B$10:$B$1000,"<="&EOMONTH(DATE(TahunSel,BulanSel,1),0))
A31: 6.1.07.04 | B31: Beban Penyusutan Meubelair | C31: =SUMIFS('TRANSAKSI'!$H$10:$H$1000,'TRANSAKSI'!$E$10:$E$1000,$A31,'TRANSAKSI'!$B$10:$B$1000,">="&DATE(TahunSel,BulanSel,1),'TRANSAKSI'!$B$10:$B$1000,"<="&EOMONTH(DATE(TahunSel,BulanSel,1),0))-SUMIFS('TRANSAKSI'!$I$10:$I$1000,'TRANSAKSI'!$E$10:$E$1000,$A31,'TRANSAKSI'!$B$10:$B$1000,">="&DATE(TahunSel,BulanSel,1),'TRANSAKSI'!$B$10:$B$1000,"<="&EOMONTH(DATE(TahunSel,BulanSel,1),0)) | D31: =SUMIFS('TRANSAKSI'!$H$10:$H$1000,'TRANSAKSI'!$E$10:$E$1000,$A31,'TRANSAKSI'!$B$10:$B$1000,">="&DATE(TahunSel,1,1),'TRANSAKSI'!$B$10:$B$1000,"<="&EOMONTH(DATE(TahunSel,BulanSel,1),0))-SUMIFS('TRANSAKSI'!$I$10:$I$1000,'TRANSAKSI'!$E$10:$E$1000,$A31,'TRANSAKSI'!$B$10:$B$1000,">="&DATE(TahunSel,1,1),'TRANSAKSI'!$B$10:$B$1000,"<="&EOMONTH(DATE(TahunSel,BulanSel,1),0))
A32: 6.1.07.05 | B32: Beban Penyusutan Gedung dan Bangunan | C32: =SUMIFS('TRANSAKSI'!$H$10:$H$1000,'TRANSAKSI'!$E$10:$E$1000,$A32,'TRANSAKSI'!$B$10:$B$1000,">="&DATE(TahunSel,BulanSel,1),'TRANSAKSI'!$B$10:$B$1000,"<="&EOMONTH(DATE(TahunSel,BulanSel,1),0))-SUMIFS('TRANSAKSI'!$I$10:$I$1000,'TRANSAKSI'!$E$10:$E$1000,$A32,'TRANSAKSI'!$B$10:$B$1000,">="&DATE(TahunSel,BulanSel,1),'TRANSAKSI'!$B$10:$B$1000,"<="&EOMONTH(DATE(TahunSel,BulanSel,1),0)) | D32: =SUMIFS('TRANSAKSI'!$H$10:$H$1000,'TRANSAKSI'!$E$10:$E$1000,$A32,'TRANSAKSI'!$B$10:$B$1000,">="&DATE(TahunSel,1,1),'TRANSAKSI'!$B$10:$B$1000,"<="&EOMONTH(DATE(TahunSel,BulanSel,1),0))-SUMIFS('TRANSAKSI'!$I$10:$I$1000,'TRANSAKSI'!$E$10:$E$1000,$A32,'TRANSAKSI'!$B$10:$B$1000,">="&DATE(TahunSel,1,1),'TRANSAKSI'!$B$10:$B$1000,"<="&EOMONTH(DATE(TahunSel,BulanSel,1),0))
A33: 6.1.99.03 | B33: Beban Perjalanan Dinas | C33: =SUMIFS('TRANSAKSI'!$H$10:$H$1000,'TRANSAKSI'!$E$10:$E$1000,$A33,'TRANSAKSI'!$B$10:$B$1000,">="&DATE(TahunSel,BulanSel,1),'TRANSAKSI'!$B$10:$B$1000,"<="&EOMONTH(DATE(TahunSel,BulanSel,1),0))-SUMIFS('TRANSAKSI'!$I$10:$I$1000,'TRANSAKSI'!$E$10:$E$1000,$A33,'TRANSAKSI'!$B$10:$B$1000,">="&DATE(TahunSel,BulanSel,1),'TRANSAKSI'!$B$10:$B$1000,"<="&EOMONTH(DATE(TahunSel,BulanSel,1),0)) | D33: =SUMIFS('TRANSAKSI'!$H$10:$H$1000,'TRANSAKSI'!$E$10:$E$1000,$A33,'TRANSAKSI'!$B$10:$B$1000,">="&DATE(TahunSel,1,1),'TRANSAKSI'!$B$10:$B$1000,"<="&EOMONTH(DATE(TahunSel,BulanSel,1),0))-SUMIFS('TRANSAKSI'!$I$10:$I$1000,'TRANSAKSI'!$E$10:$E$1000,$A33,'TRANSAKSI'!$B$10:$B$1000,">="&DATE(TahunSel,1,1),'TRANSAKSI'!$B$10:$B$1000,"<="&EOMONTH(DATE(TahunSel,BulanSel,1),0))
A34: 6.1.99.05 | B34: Beban Jamuan Tamu | C34: =SUMIFS('TRANSAKSI'!$H$10:$H$1000,'TRANSAKSI'!$E$10:$E$1000,$A34,'TRANSAKSI'!$B$10:$B$1000,">="&DATE(TahunSel,BulanSel,1),'TRANSAKSI'!$B$10:$B$1000,"<="&EOMONTH(DATE(TahunSel,BulanSel,1),0))-SUMIFS('TRANSAKSI'!$I$10:$I$1000,'TRANSAKSI'!$E$10:$E$1000,$A34,'TRANSAKSI'!$B$10:$B$1000,">="&DATE(TahunSel,BulanSel,1),'TRANSAKSI'!$B$10:$B$1000,"<="&EOMONTH(DATE(TahunSel,BulanSel,1),0)) | D34: =SUMIFS('TRANSAKSI'!$H$10:$H$1000,'TRANSAKSI'!$E$10:$E$1000,$A34,'TRANSAKSI'!$B$10:$B$1000,">="&DATE(TahunSel,1,1),'TRANSAKSI'!$B$10:$B$1000,"<="&EOMONTH(DATE(TahunSel,BulanSel,1),0))-SUMIFS('TRANSAKSI'!$I$10:$I$1000,'TRANSAKSI'!$E$10:$E$1000,$A34,'TRANSAKSI'!$B$10:$B$1000,">="&DATE(TahunSel,1,1),'TRANSAKSI'!$B$10:$B$1000,"<="&EOMONTH(DATE(TahunSel,BulanSel,1),0))
A35: 6.2.01.03 | B35: Beban Gaji Penasihat | C35: =SUMIFS('TRANSAKSI'!$H$10:$H$1000,'TRANSAKSI'!$E$10:$E$1000,$A35,'TRANSAKSI'!$B$10:$B$1000,">="&DATE(TahunSel,BulanSel,1),'TRANSAKSI'!$B$10:$B$1000,"<="&EOMONTH(DATE(TahunSel,BulanSel,1),0))-SUMIFS('TRANSAKSI'!$I$10:$I$1000,'TRANSAKSI'!$E$10:$E$1000,$A35,'TRANSAKSI'!$B$10:$B$1000,">="&DATE(TahunSel,BulanSel,1),'TRANSAKSI'!$B$10:$B$1000,"<="&EOMONTH(DATE(TahunSel,BulanSel,1),0)) | D35: =SUMIFS('TRANSAKSI'!$H$10:$H$1000,'TRANSAKSI'!$E$10:$E$1000,$A35,'TRANSAKSI'!$B$10:$B$1000,">="&DATE(TahunSel,1,1),'TRANSAKSI'!$B$10:$B$1000,"<="&EOMONTH(DATE(TahunSel,BulanSel,1),0))-SUMIFS('TRANSAKSI'!$I$10:$I$1000,'TRANSAKSI'!$E$10:$E$1000,$A35,'TRANSAKSI'!$B$10:$B$1000,">="&DATE(TahunSel,1,1),'TRANSAKSI'!$B$10:$B$1000,"<="&EOMONTH(DATE(TahunSel,BulanSel,1),0))
... A47: 7.3.01.03 | B47: Beban Pajak Daerah | C47: =SUMIFS('TRANSAKSI'!$H$10:$H$1000,'TRANSAKSI'!$E$10:$E$1000,$A47,'TRANSAKSI'!$B$10:$B$1000,">="&DATE(TahunSel,BulanSel,1),'TRANSAKSI'!$B$10:$B$1000,"<="&EOMONTH(DATE(TahunSel,BulanSel,1),0))-SUMIFS('TRANSAKSI'!$I$10:$I$1000,'TRANSAKSI'!$E$10:$E$1000,$A47,'TRANSAKSI'!$B$10:$B$1000,">="&DATE(TahunSel,BulanSel,1),'TRANSAKSI'!$B$10:$B$1000,"<="&EOMONTH(DATE(TahunSel,BulanSel,1),0)) | D47: =SUMIFS('TRANSAKSI'!$H$10:$H$1000,'TRANSAKSI'!$E$10:$E$1000,$A47,'TRANSAKSI'!$B$10:$B$1000,">="&DATE(TahunSel,1,1),'TRANSAKSI'!$B$10:$B$1000,"<="&EOMONTH(DATE(TahunSel,BulanSel,1),0))-SUMIFS('TRANSAKSI'!$I$10:$I$1000,'TRANSAKSI'!$E$10:$E$1000,$A47,'TRANSAKSI'!$B$10:$B$1000,">="&DATE(TahunSel,1,1),'TRANSAKSI'!$B$10:$B$1000,"<="&EOMONTH(DATE(TahunSel,BulanSel,1),0))
B48: Total Beban | C48: =SUM(C24:C47) | D48: =SUM(D24:D47)
B50: SURPLUS / (RUGI) | C50: =C21-C48 | D50: =D21-D48
B54: ="Curahdringu, "&TEXT(EOMONTH(DATE(TahunSel,BulanSel,1),0),"dd mmmm yyyy")
B56: =PENGATURAN!$C$9 | D56: =PENGATURAN!$C$10
B57: Direktur | D57: Bendahara
B59: Penasihat/Pengawas dapat diisi di PENGATURAN.

Sheet ARUS KAS
B2: LAPORAN ARUS KAS
B3: ="Periode: "&TEXT(DATE(TahunSel,BulanSel,1),"mmmm yyyy")
B6: KODE AKUN KAS | C6: NAMA REKENING KAS | D6: SALDO AWAL BULAN | E6: PENERIMAAN KAS | F6: PENGELUARAN KAS | G6: ARUS BERSIH | H6: SALDO AKHIR
B7: REKENING KAS (kriteria kode akun 1.1.01*)
B8: 1.1.01.01 | C8: Kas Tunai | D8: =SUMIFS('TRANSAKSI'!$H$10:$H$1000,'TRANSAKSI'!$E$10:$E$1000,$B8,'TRANSAKSI'!$B$10:$B$1000,"<"&DATE(TahunSel,BulanSel,1))-SUMIFS('TRANSAKSI'!$I$10:$I$1000,'TRANSAKSI'!$E$10:$E$1000,$B8,'TRANSAKSI'!$B$10:$B$1000,"<"&DATE(TahunSel,BulanSel,1)) | E8: =SUMIFS('TRANSAKSI'!$H$10:$H$1000,'TRANSAKSI'!$E$10:$E$1000,$B8,'TRANSAKSI'!$B$10:$B$1000,">="&DATE(TahunSel,BulanSel,1),'TRANSAKSI'!$B$10:$B$1000,"<="&EOMONTH(DATE(TahunSel,BulanSel,1),0)) | F8: =SUMIFS('TRANSAKSI'!$I$10:$I$1000,'TRANSAKSI'!$E$10:$E$1000,$B8,'TRANSAKSI'!$B$10:$B$1000,">="&DATE(TahunSel,BulanSel,1),'TRANSAKSI'!$B$10:$B$1000,"<="&EOMONTH(DATE(TahunSel,BulanSel,1),0)) | G8: =E8-F8 | H8: =D8+G8
B9: 1.1.01.02 | C9: Kas di Bank BSI | D9: =SUMIFS('TRANSAKSI'!$H$10:$H$1000,'TRANSAKSI'!$E$10:$E$1000,$B9,'TRANSAKSI'!$B$10:$B$1000,"<"&DATE(TahunSel,BulanSel,1))-SUMIFS('TRANSAKSI'!$I$10:$I$1000,'TRANSAKSI'!$E$10:$E$1000,$B9,'TRANSAKSI'!$B$10:$B$1000,"<"&DATE(TahunSel,BulanSel,1)) | E9: =SUMIFS('TRANSAKSI'!$H$10:$H$1000,'TRANSAKSI'!$E$10:$E$1000,$B9,'TRANSAKSI'!$B$10:$B$1000,">="&DATE(TahunSel,BulanSel,1),'TRANSAKSI'!$B$10:$B$1000,"<="&EOMONTH(DATE(TahunSel,BulanSel,1),0)) | F9: =SUMIFS('TRANSAKSI'!$I$10:$I$1000,'TRANSAKSI'!$E$10:$E$1000,$B9,'TRANSAKSI'!$B$10:$B$1000,">="&DATE(TahunSel,BulanSel,1),'TRANSAKSI'!$B$10:$B$1000,"<="&EOMONTH(DATE(TahunSel,BulanSel,1),0)) | G9: =E9-F9 | H9: =D9+G9
B10: 1.1.01.03 | C10: Kas di Bank Mandiri | D10: =SUMIFS('TRANSAKSI'!$H$10:$H$1000,'TRANSAKSI'!$E$10:$E$1000,$B10,'TRANSAKSI'!$B$10:$B$1000,"<"&DATE(TahunSel,BulanSel,1))-SUMIFS('TRANSAKSI'!$I$10:$I$1000,'TRANSAKSI'!$E$10:$E$1000,$B10,'TRANSAKSI'!$B$10:$B$1000,"<"&DATE(TahunSel,BulanSel,1)) | E10: =SUMIFS('TRANSAKSI'!$H$10:$H$1000,'TRANSAKSI'!$E$10:$E$1000,$B10,'TRANSAKSI'!$B$10:$B$1000,">="&DATE(TahunSel,BulanSel,1),'TRANSAKSI'!$B$10:$B$1000,"<="&EOMONTH(DATE(TahunSel,BulanSel,1),0)) | F10: =SUMIFS('TRANSAKSI'!$I$10:$I$1000,'TRANSAKSI'!$E$10:$E$1000,$B10,'TRANSAKSI'!$B$10:$B$1000,">="&DATE(TahunSel,BulanSel,1),'TRANSAKSI'!$B$10:$B$1000,"<="&EOMONTH(DATE(TahunSel,BulanSel,1),0)) | G10: =E10-F10 | H10: =D10+G10
B11: 1.1.01.04 | C11: Kas di Bank BRI | D11: =SUMIFS('TRANSAKSI'!$H$10:$H$1000,'TRANSAKSI'!$E$10:$E$1000,$B11,'TRANSAKSI'!$B$10:$B$1000,"<"&DATE(TahunSel,BulanSel,1))-SUMIFS('TRANSAKSI'!$I$10:$I$1000,'TRANSAKSI'!$E$10:$E$1000,$B11,'TRANSAKSI'!$B$10:$B$1000,"<"&DATE(TahunSel,BulanSel,1)) | E11: =SUMIFS('TRANSAKSI'!$H$10:$H$1000,'TRANSAKSI'!$E$10:$E$1000,$B11,'TRANSAKSI'!$B$10:$B$1000,">="&DATE(TahunSel,BulanSel,1),'TRANSAKSI'!$B$10:$B$1000,"<="&EOMONTH(DATE(TahunSel,BulanSel,1),0)) | F11: =SUMIFS('TRANSAKSI'!$I$10:$I$1000,'TRANSAKSI'!$E$10:$E$1000,$B11,'TRANSAKSI'!$B$10:$B$1000,">="&DATE(TahunSel,BulanSel,1),'TRANSAKSI'!$B$10:$B$1000,"<="&EOMONTH(DATE(TahunSel,BulanSel,1),0)) | G11: =E11-F11 | H11: =D11+G11
B12: 1.1.01.05 | C12: Kas di Bank BPD | D12: =SUMIFS('TRANSAKSI'!$H$10:$H$1000,'TRANSAKSI'!$E$10:$E$1000,$B12,'TRANSAKSI'!$B$10:$B$1000,"<"&DATE(TahunSel,BulanSel,1))-SUMIFS('TRANSAKSI'!$I$10:$I$1000,'TRANSAKSI'!$E$10:$E$1000,$B12,'TRANSAKSI'!$B$10:$B$1000,"<"&DATE(TahunSel,BulanSel,1)) | E12: =SUMIFS('TRANSAKSI'!$H$10:$H$1000,'TRANSAKSI'!$E$10:$E$1000,$B12,'TRANSAKSI'!$B$10:$B$1000,">="&DATE(TahunSel,BulanSel,1),'TRANSAKSI'!$B$10:$B$1000,"<="&EOMONTH(DATE(TahunSel,BulanSel,1),0)) | F12: =SUMIFS('TRANSAKSI'!$I$10:$I$1000,'TRANSAKSI'!$E$10:$E$1000,$B12,'TRANSAKSI'!$B$10:$B$1000,">="&DATE(TahunSel,BulanSel,1),'TRANSAKSI'!$B$10:$B$1000,"<="&EOMONTH(DATE(TahunSel,BulanSel,1),0)) | G12: =E12-F12 | H12: =D12+G12
B13: 1.1.01.06 | C13: Kas di Bank Jatim | D13: =SUMIFS('TRANSAKSI'!$H$10:$H$1000,'TRANSAKSI'!$E$10:$E$1000,$B13,'TRANSAKSI'!$B$10:$B$1000,"<"&DATE(TahunSel,BulanSel,1))-SUMIFS('TRANSAKSI'!$I$10:$I$1000,'TRANSAKSI'!$E$10:$E$1000,$B13,'TRANSAKSI'!$B$10:$B$1000,"<"&DATE(TahunSel,BulanSel,1)) | E13: =SUMIFS('TRANSAKSI'!$H$10:$H$1000,'TRANSAKSI'!$E$10:$E$1000,$B13,'TRANSAKSI'!$B$10:$B$1000,">="&DATE(TahunSel,BulanSel,1),'TRANSAKSI'!$B$10:$B$1000,"<="&EOMONTH(DATE(TahunSel,BulanSel,1),0)) | F13: =SUMIFS('TRANSAKSI'!$I$10:$I$1000,'TRANSAKSI'!$E$10:$E$1000,$B13,'TRANSAKSI'!$B$10:$B$1000,">="&DATE(TahunSel,BulanSel,1),'TRANSAKSI'!$B$10:$B$1000,"<="&EOMONTH(DATE(TahunSel,BulanSel,1),0)) | G13: =E13-F13 | H13: =D13+G13
B14: 1.1.01.98 | C14: Kas Kecil (Petty Cash) | D14: =SUMIFS('TRANSAKSI'!$H$10:$H$1000,'TRANSAKSI'!$E$10:$E$1000,$B14,'TRANSAKSI'!$B$10:$B$1000,"<"&DATE(TahunSel,BulanSel,1))-SUMIFS('TRANSAKSI'!$I$10:$I$1000,'TRANSAKSI'!$E$10:$E$1000,$B14,'TRANSAKSI'!$B$10:$B$1000,"<"&DATE(TahunSel,BulanSel,1)) | E14: =SUMIFS('TRANSAKSI'!$H$10:$H$1000,'TRANSAKSI'!$E$10:$E$1000,$B14,'TRANSAKSI'!$B$10:$B$1000,">="&DATE(TahunSel,BulanSel,1),'TRANSAKSI'!$B$10:$B$1000,"<="&EOMONTH(DATE(TahunSel,BulanSel,1),0)) | F14: =SUMIFS('TRANSAKSI'!$I$10:$I$1000,'TRANSAKSI'!$E$10:$E$1000,$B14,'TRANSAKSI'!$B$10:$B$1000,">="&DATE(TahunSel,BulanSel,1),'TRANSAKSI'!$B$10:$B$1000,"<="&EOMONTH(DATE(TahunSel,BulanSel,1),0)) | G14: =E14-F14 | H14: =D14+G14
C15: TOTAL KAS | D15: =SUM(D8:D14) | E15: =SUM(E8:E14) | F15: =SUM(F8:F14) | G15: =SUM(G8:G14) | H15: =SUM(H8:H14)
B17: Penerimaan/pengeluaran dihitung dari Debet/Kredit rekening kas, bukan dari teks uraian transaksi.

Sheet NERACA SALDO
B2: NERACA SALDO
B3: ="Kumulatif s/d: "&TEXT(EOMONTH(DATE(TahunSel,BulanSel,1),0),"dd mmmm yyyy")
A6: KODE AKUN | B6: NAMA AKUN | C6: MUTASI DEBET | D6: MUTASI KREDIT | E6: SALDO DEBET | F6: SALDO KREDIT
A7: 1.1.01.01 | B7: Kas Tunai | C7: =SUMIFS('TRANSAKSI'!$H$10:$H$1000,'TRANSAKSI'!$E$10:$E$1000,$A7,'TRANSAKSI'!$B$10:$B$1000,"<="&EOMONTH(DATE(TahunSel,BulanSel,1),0)) | D7: =SUMIFS('TRANSAKSI'!$I$10:$I$1000,'TRANSAKSI'!$E$10:$E$1000,$A7,'TRANSAKSI'!$B$10:$B$1000,"<="&EOMONTH(DATE(TahunSel,BulanSel,1),0)) | E7: =IF(C7>D7,C7-D7,0) | F7: =IF(D7>C7,D7-C7,0)
A8: 1.1.01.02 | B8: Kas di Bank BSI | C8: =SUMIFS('TRANSAKSI'!$H$10:$H$1000,'TRANSAKSI'!$E$10:$E$1000,$A8,'TRANSAKSI'!$B$10:$B$1000,"<="&EOMONTH(DATE(TahunSel,BulanSel,1),0)) | D8: =SUMIFS('TRANSAKSI'!$I$10:$I$1000,'TRANSAKSI'!$E$10:$E$1000,$A8,'TRANSAKSI'!$B$10:$B$1000,"<="&EOMONTH(DATE(TahunSel,BulanSel,1),0)) | E8: =IF(C8>D8,C8-D8,0) | F8: =IF(D8>C8,D8-C8,0)
A9: 1.1.01.03 | B9: Kas di Bank Mandiri | C9: =SUMIFS('TRANSAKSI'!$H$10:$H$1000,'TRANSAKSI'!$E$10:$E$1000,$A9,'TRANSAKSI'!$B$10:$B$1000,"<="&EOMONTH(DATE(TahunSel,BulanSel,1),0)) | D9: =SUMIFS('TRANSAKSI'!$I$10:$I$1000,'TRANSAKSI'!$E$10:$E$1000,$A9,'TRANSAKSI'!$B$10:$B$1000,"<="&EOMONTH(DATE(TahunSel,BulanSel,1),0)) | E9: =IF(C9>D9,C9-D9,0) | F9: =IF(D9>C9,D9-C9,0)
A10: 1.1.01.04 | B10: Kas di Bank BRI | C10: =SUMIFS('TRANSAKSI'!$H$10:$H$1000,'TRANSAKSI'!$E$10:$E$1000,$A10,'TRANSAKSI'!$B$10:$B$1000,"<="&EOMONTH(DATE(TahunSel,BulanSel,1),0)) | D10: =SUMIFS('TRANSAKSI'!$I$10:$I$1000,'TRANSAKSI'!$E$10:$E$1000,$A10,'TRANSAKSI'!$B$10:$B$1000,"<="&EOMONTH(DATE(TahunSel,BulanSel,1),0)) | E10: =IF(C10>D10,C10-D10,0) | F10: =IF(D10>C10,D10-C10,0)
A11: 1.1.01.05 | B11: Kas di Bank BPD | C11: =SUMIFS('TRANSAKSI'!$H$10:$H$1000,'TRANSAKSI'!$E$10:$E$1000,$A11,'TRANSAKSI'!$B$10:$B$1000,"<="&EOMONTH(DATE(TahunSel,BulanSel,1),0)) | D11: =SUMIFS('TRANSAKSI'!$I$10:$I$1000,'TRANSAKSI'!$E$10:$E$1000,$A11,'TRANSAKSI'!$B$10:$B$1000,"<="&EOMONTH(DATE(TahunSel,BulanSel,1),0)) | E11: =IF(C11>D11,C11-D11,0) | F11: =IF(D11>C11,D11-C11,0)
A12: 1.1.01.06 | B12: Kas di Bank Jatim | C12: =SUMIFS('TRANSAKSI'!$H$10:$H$1000,'TRANSAKSI'!$E$10:$E$1000,$A12,'TRANSAKSI'!$B$10:$B$1000,"<="&EOMONTH(DATE(TahunSel,BulanSel,1),0)) | D12: =SUMIFS('TRANSAKSI'!$I$10:$I$1000,'TRANSAKSI'!$E$10:$E$1000,$A12,'TRANSAKSI'!$B$10:$B$1000,"<="&EOMONTH(DATE(TahunSel,BulanSel,1),0)) | E12: =IF(C12>D12,C12-D12,0) | F12: =IF(D12>C12,D12-C12,0)
A13: 1.1.01.98 | B13: Kas Kecil (Petty Cash) | C13: =SUMIFS('TRANSAKSI'!$H$10:$H$1000,'TRANSAKSI'!$E$10:$E$1000,$A13,'TRANSAKSI'!$B$10:$B$1000,"<="&EOMONTH(DATE(TahunSel,BulanSel,1),0)) | D13: =SUMIFS('TRANSAKSI'!$I$10:$I$1000,'TRANSAKSI'!$E$10:$E$1000,$A13,'TRANSAKSI'!$B$10:$B$1000,"<="&EOMONTH(DATE(TahunSel,BulanSel,1),0)) | E13: =IF(C13>D13,C13-D13,0) | F13: =IF(D13>C13,D13-C13,0)
A14: 1.1.03.01 | B14: Piutang Usaha | C14: =SUMIFS('TRANSAKSI'!$H$10:$H$1000,'TRANSAKSI'!$E$10:$E$1000,$A14,'TRANSAKSI'!$B$10:$B$1000,"<="&EOMONTH(DATE(TahunSel,BulanSel,1),0)) | D14: =SUMIFS('TRANSAKSI'!$I$10:$I$1000,'TRANSAKSI'!$E$10:$E$1000,$A14,'TRANSAKSI'!$B$10:$B$1000,"<="&EOMONTH(DATE(TahunSel,BulanSel,1),0)) | E14: =IF(C14>D14,C14-D14,0) | F14: =IF(D14>C14,D14-C14,0)
A15: 1.1.05.01 | B15: Persediaan Barang Dagangan | C15: =SUMIFS('TRANSAKSI'!$H$10:$H$1000,'TRANSAKSI'!$E$10:$E$1000,$A15,'TRANSAKSI'!$B$10:$B$1000,"<="&EOMONTH(DATE(TahunSel,BulanSel,1),0)) | D15: =SUMIFS('TRANSAKSI'!$I$10:$I$1000,'TRANSAKSI'!$E$10:$E$1000,$A15,'TRANSAKSI'!$B$10:$B$1000,"<="&EOMONTH(DATE(TahunSel,BulanSel,1),0)) | E15: =IF(C15>D15,C15-D15,0) | F15: =IF(D15>C15,D15-C15,0)
A16: 1.1.05.02 | B16: Persediaan Bahan Baku | C16: =SUMIFS('TRANSAKSI'!$H$10:$H$1000,'TRANSAKSI'!$E$10:$E$1000,$A16,'TRANSAKSI'!$B$10:$B$1000,"<="&EOMONTH(DATE(TahunSel,BulanSel,1),0)) | D16: =SUMIFS('TRANSAKSI'!$I$10:$I$1000,'TRANSAKSI'!$E$10:$E$1000,$A16,'TRANSAKSI'!$B$10:$B$1000,"<="&EOMONTH(DATE(TahunSel,BulanSel,1),0)) | E16: =IF(C16>D16,C16-D16,0) | F16: =IF(D16>C16,D16-C16,0)
A17: 1.1.07.01 | B17: Sewa Dibayar Dimuka | C17: =SUMIFS('TRANSAKSI'!$H$10:$H$1000,'TRANSAKSI'!$E$10:$E$1000,$A17,'TRANSAKSI'!$B$10:$B$1000,"<="&EOMONTH(DATE(TahunSel,BulanSel,1),0)) | D17: =SUMIFS('TRANSAKSI'!$I$10:$I$1000,'TRANSAKSI'!$E$10:$E$1000,$A17,'TRANSAKSI'!$B$10:$B$1000,"<="&EOMONTH(DATE(TahunSel,BulanSel,1),0)) | E17: =IF(C17>D17,C17-D17,0) | F17: =IF(D17>C17,D17-C17,0)
A18: 1.3.01.01 | B18: Tanah | C18: =SUMIFS('TRANSAKSI'!$H$10:$H$1000,'TRANSAKSI'!$E$10:$E$1000,$A18,'TRANSAKSI'!$B$10:$B$1000,"<="&EOMONTH(DATE(TahunSel,BulanSel,1),0)) | D18: =SUMIFS('TRANSAKSI'!$I$10:$I$1000,'TRANSAKSI'!$E$10:$E$1000,$A18,'TRANSAKSI'!$B$10:$B$1000,"<="&EOMONTH(DATE(TahunSel,BulanSel,1),0)) | E18: =IF(C18>D18,C18-D18,0) | F18: =IF(D18>C18,D18-C18,0)
... A78: 7.3.01.03 | B78: Beban Pajak Daerah | C78: =SUMIFS('TRANSAKSI'!$H$10:$H$1000,'TRANSAKSI'!$E$10:$E$1000,$A78,'TRANSAKSI'!$B$10:$B$1000,"<="&EOMONTH(DATE(TahunSel,BulanSel,1),0)) | D78: =SUMIFS('TRANSAKSI'!$I$10:$I$1000,'TRANSAKSI'!$E$10:$E$1000,$A78,'TRANSAKSI'!$B$10:$B$1000,"<="&EOMONTH(DATE(TahunSel,BulanSel,1),0)) | E78: =IF(C78>D78,C78-D78,0) | F78: =IF(D78>C78,D78-C78,0)
B79: TOTAL | C79: =SUM(C7:C78) | D79: =SUM(D7:D78) | E79: =SUM(E7:E78) | F79: =SUM(F7:F78)
B81: Laba/(Rugi) berjalan s/d periode | E81: =IF('LABA RUGI'!$D$50<0,ABS('LABA RUGI'!$D$50),0) | F81: =IF('LABA RUGI'!$D$50>0,'LABA RUGI'!$D$50,0)
B83: CHECK MUTASI DEBET = KREDIT | C83: =IF(ABS(C79-D79)<1,"OK — seimbang","CEK — tidak seimbang")

Sheet POSISI KEUANGAN
B2: LAPORAN POSISI KEUANGAN (NERACA)
B3: ="Posisi per: "&TEXT(EOMONTH(DATE(TahunSel,BulanSel,1),0),"dd mmmm yyyy")
A6: KODE AKUN | B6: ASET | C6: JUMLAH | E6: KODE AKUN | F6: KEWAJIBAN & EKUITAS | G6: JUMLAH
A7: 1.1.01.01 | B7: Kas Tunai | C7: =SUMIFS('TRANSAKSI'!$H$10:$H$1000,'TRANSAKSI'!$E$10:$E$1000,$A7,'TRANSAKSI'!$B$10:$B$1000,"<="&EOMONTH(DATE(TahunSel,BulanSel,1),0))-SUMIFS('TRANSAKSI'!$I$10:$I$1000,'TRANSAKSI'!$E$10:$E$1000,$A7,'TRANSAKSI'!$B$10:$B$1000,"<="&EOMONTH(DATE(TahunSel,BulanSel,1),0)) | E7: 2.1.01.01 | F7: Utang Usaha | G7: =SUMIFS('TRANSAKSI'!$I$10:$I$1000,'TRANSAKSI'!$E$10:$E$1000,$E7,'TRANSAKSI'!$B$10:$B$1000,"<="&EOMONTH(DATE(TahunSel,BulanSel,1),0))-SUMIFS('TRANSAKSI'!$H$10:$H$1000,'TRANSAKSI'!$E$10:$E$1000,$E7,'TRANSAKSI'!$B$10:$B$1000,"<="&EOMONTH(DATE(TahunSel,BulanSel,1),0))
A8: 1.1.01.02 | B8: Kas di Bank BSI | C8: =SUMIFS('TRANSAKSI'!$H$10:$H$1000,'TRANSAKSI'!$E$10:$E$1000,$A8,'TRANSAKSI'!$B$10:$B$1000,"<="&EOMONTH(DATE(TahunSel,BulanSel,1),0))-SUMIFS('TRANSAKSI'!$I$10:$I$1000,'TRANSAKSI'!$E$10:$E$1000,$A8,'TRANSAKSI'!$B$10:$B$1000,"<="&EOMONTH(DATE(TahunSel,BulanSel,1),0)) | E8: 2.1.03.01 | F8: Utang Gaji dan Upah | G8: =SUMIFS('TRANSAKSI'!$I$10:$I$1000,'TRANSAKSI'!$E$10:$E$1000,$E8,'TRANSAKSI'!$B$10:$B$1000,"<="&EOMONTH(DATE(TahunSel,BulanSel,1),0))-SUMIFS('TRANSAKSI'!$H$10:$H$1000,'TRANSAKSI'!$E$10:$E$1000,$E8,'TRANSAKSI'!$B$10:$B$1000,"<="&EOMONTH(DATE(TahunSel,BulanSel,1),0))
A9: 1.1.01.03 | B9: Kas di Bank Mandiri | C9: =SUMIFS('TRANSAKSI'!$H$10:$H$1000,'TRANSAKSI'!$E$10:$E$1000,$A9,'TRANSAKSI'!$B$10:$B$1000,"<="&EOMONTH(DATE(TahunSel,BulanSel,1),0))-SUMIFS('TRANSAKSI'!$I$10:$I$1000,'TRANSAKSI'!$E$10:$E$1000,$A9,'TRANSAKSI'!$B$10:$B$1000,"<="&EOMONTH(DATE(TahunSel,BulanSel,1),0)) | E9: 2.1.04.01 | F9: Utang Listrik | G9: =SUMIFS('TRANSAKSI'!$I$10:$I$1000,'TRANSAKSI'!$E$10:$E$1000,$E9,'TRANSAKSI'!$B$10:$B$1000,"<="&EOMONTH(DATE(TahunSel,BulanSel,1),0))-SUMIFS('TRANSAKSI'!$H$10:$H$1000,'TRANSAKSI'!$E$10:$E$1000,$E9,'TRANSAKSI'!$B$10:$B$1000,"<="&EOMONTH(DATE(TahunSel,BulanSel,1),0))
A10: 1.1.01.04 | B10: Kas di Bank BRI | C10: =SUMIFS('TRANSAKSI'!$H$10:$H$1000,'TRANSAKSI'!$E$10:$E$1000,$A10,'TRANSAKSI'!$B$10:$B$1000,"<="&EOMONTH(DATE(TahunSel,BulanSel,1),0))-SUMIFS('TRANSAKSI'!$I$10:$I$1000,'TRANSAKSI'!$E$10:$E$1000,$A10,'TRANSAKSI'!$B$10:$B$1000,"<="&EOMONTH(DATE(TahunSel,BulanSel,1),0)) | E10: 2.1.05.01 | F10: Utang Pihak Ketiga Jangka Pendek | G10: =SUMIFS('TRANSAKSI'!$I$10:$I$1000,'TRANSAKSI'!$E$10:$E$1000,$E10,'TRANSAKSI'!$B$10:$B$1000,"<="&EOMONTH(DATE(TahunSel,BulanSel,1),0))-SUMIFS('TRANSAKSI'!$H$10:$H$1000,'TRANSAKSI'!$E$10:$E$1000,$E10,'TRANSAKSI'!$B$10:$B$1000,"<="&EOMONTH(DATE(TahunSel,BulanSel,1),0))
A11: 1.1.01.05 | B11: Kas di Bank BPD | C11: =SUMIFS('TRANSAKSI'!$H$10:$H$1000,'TRANSAKSI'!$E$10:$E$1000,$A11,'TRANSAKSI'!$B$10:$B$1000,"<="&EOMONTH(DATE(TahunSel,BulanSel,1),0))-SUMIFS('TRANSAKSI'!$I$10:$I$1000,'TRANSAKSI'!$E$10:$E$1000,$A11,'TRANSAKSI'!$B$10:$B$1000,"<="&EOMONTH(DATE(TahunSel,BulanSel,1),0)) | E11: 2.2.01.01 | F11: Utang Bank | G11: =SUMIFS('TRANSAKSI'!$I$10:$I$1000,'TRANSAKSI'!$E$10:$E$1000,$E11,'TRANSAKSI'!$B$10:$B$1000,"<="&EOMONTH(DATE(TahunSel,BulanSel,1),0))-SUMIFS('TRANSAKSI'!$H$10:$H$1000,'TRANSAKSI'!$E$10:$E$1000,$E11,'TRANSAKSI'!$B$10:$B$1000,"<="&EOMONTH(DATE(TahunSel,BulanSel,1),0))
A12: 1.1.01.06 | B12: Kas di Bank Jatim | C12: =SUMIFS('TRANSAKSI'!$H$10:$H$1000,'TRANSAKSI'!$E$10:$E$1000,$A12,'TRANSAKSI'!$B$10:$B$1000,"<="&EOMONTH(DATE(TahunSel,BulanSel,1),0))-SUMIFS('TRANSAKSI'!$I$10:$I$1000,'TRANSAKSI'!$E$10:$E$1000,$A12,'TRANSAKSI'!$B$10:$B$1000,"<="&EOMONTH(DATE(TahunSel,BulanSel,1),0)) | E12: 3.1.01.01 | F12: Penyertaan Modal Desa | G12: =SUMIFS('TRANSAKSI'!$I$10:$I$1000,'TRANSAKSI'!$E$10:$E$1000,$E12,'TRANSAKSI'!$B$10:$B$1000,"<="&EOMONTH(DATE(TahunSel,BulanSel,1),0))-SUMIFS('TRANSAKSI'!$H$10:$H$1000,'TRANSAKSI'!$E$10:$E$1000,$E12,'TRANSAKSI'!$B$10:$B$1000,"<="&EOMONTH(DATE(TahunSel,BulanSel,1),0))
A13: 1.1.01.98 | B13: Kas Kecil (Petty Cash) | C13: =SUMIFS('TRANSAKSI'!$H$10:$H$1000,'TRANSAKSI'!$E$10:$E$1000,$A13,'TRANSAKSI'!$B$10:$B$1000,"<="&EOMONTH(DATE(TahunSel,BulanSel,1),0))-SUMIFS('TRANSAKSI'!$I$10:$I$1000,'TRANSAKSI'!$E$10:$E$1000,$A13,'TRANSAKSI'!$B$10:$B$1000,"<="&EOMONTH(DATE(TahunSel,BulanSel,1),0)) | E13: 3.1.02.01 | F13: Penyertaan Modal Masyarakat A | G13: =SUMIFS('TRANSAKSI'!$I$10:$I$1000,'TRANSAKSI'!$E$10:$E$1000,$E13,'TRANSAKSI'!$B$10:$B$1000,"<="&EOMONTH(DATE(TahunSel,BulanSel,1),0))-SUMIFS('TRANSAKSI'!$H$10:$H$1000,'TRANSAKSI'!$E$10:$E$1000,$E13,'TRANSAKSI'!$B$10:$B$1000,"<="&EOMONTH(DATE(TahunSel,BulanSel,1),0))
A14: 1.1.03.01 | B14: Piutang Usaha | C14: =SUMIFS('TRANSAKSI'!$H$10:$H$1000,'TRANSAKSI'!$E$10:$E$1000,$A14,'TRANSAKSI'!$B$10:$B$1000,"<="&EOMONTH(DATE(TahunSel,BulanSel,1),0))-SUMIFS('TRANSAKSI'!$I$10:$I$1000,'TRANSAKSI'!$E$10:$E$1000,$A14,'TRANSAKSI'!$B$10:$B$1000,"<="&EOMONTH(DATE(TahunSel,BulanSel,1),0)) | E14: 3.1.02.02 | F14: Penyertaan Modal Masyarakat B | G14: =SUMIFS('TRANSAKSI'!$I$10:$I$1000,'TRANSAKSI'!$E$10:$E$1000,$E14,'TRANSAKSI'!$B$10:$B$1000,"<="&EOMONTH(DATE(TahunSel,BulanSel,1),0))-SUMIFS('TRANSAKSI'!$H$10:$H$1000,'TRANSAKSI'!$E$10:$E$1000,$E14,'TRANSAKSI'!$B$10:$B$1000,"<="&EOMONTH(DATE(TahunSel,BulanSel,1),0))
A15: 1.1.05.01 | B15: Persediaan Barang Dagangan | C15: =SUMIFS('TRANSAKSI'!$H$10:$H$1000,'TRANSAKSI'!$E$10:$E$1000,$A15,'TRANSAKSI'!$B$10:$B$1000,"<="&EOMONTH(DATE(TahunSel,BulanSel,1),0))-SUMIFS('TRANSAKSI'!$I$10:$I$1000,'TRANSAKSI'!$E$10:$E$1000,$A15,'TRANSAKSI'!$B$10:$B$1000,"<="&EOMONTH(DATE(TahunSel,BulanSel,1),0)) | E15: 3.3.01.04 | F15: Saldo Awal | G15: =SUMIFS('TRANSAKSI'!$I$10:$I$1000,'TRANSAKSI'!$E$10:$E$1000,$E15,'TRANSAKSI'!$B$10:$B$1000,"<="&EOMONTH(DATE(TahunSel,BulanSel,1),0))-SUMIFS('TRANSAKSI'!$H$10:$H$1000,'TRANSAKSI'!$E$10:$E$1000,$E15,'TRANSAKSI'!$B$10:$B$1000,"<="&EOMONTH(DATE(TahunSel,BulanSel,1),0))
A16: 1.1.05.02 | B16: Persediaan Bahan Baku | C16: =SUMIFS('TRANSAKSI'!$H$10:$H$1000,'TRANSAKSI'!$E$10:$E$1000,$A16,'TRANSAKSI'!$B$10:$B$1000,"<="&EOMONTH(DATE(TahunSel,BulanSel,1),0))-SUMIFS('TRANSAKSI'!$I$10:$I$1000,'TRANSAKSI'!$E$10:$E$1000,$A16,'TRANSAKSI'!$B$10:$B$1000,"<="&EOMONTH(DATE(TahunSel,BulanSel,1),0)) | E16: 3.4.01.01 | F16: Modal Donasi dan Sumbangan | G16: =SUMIFS('TRANSAKSI'!$I$10:$I$1000,'TRANSAKSI'!$E$10:$E$1000,$E16,'TRANSAKSI'!$B$10:$B$1000,"<="&EOMONTH(DATE(TahunSel,BulanSel,1),0))-SUMIFS('TRANSAKSI'!$H$10:$H$1000,'TRANSAKSI'!$E$10:$E$1000,$E16,'TRANSAKSI'!$B$10:$B$1000,"<="&EOMONTH(DATE(TahunSel,BulanSel,1),0))
A17: 1.1.07.01 | B17: Sewa Dibayar Dimuka | C17: =SUMIFS('TRANSAKSI'!$H$10:$H$1000,'TRANSAKSI'!$E$10:$E$1000,$A17,'TRANSAKSI'!$B$10:$B$1000,"<="&EOMONTH(DATE(TahunSel,BulanSel,1),0))-SUMIFS('TRANSAKSI'!$I$10:$I$1000,'TRANSAKSI'!$E$10:$E$1000,$A17,'TRANSAKSI'!$B$10:$B$1000,"<="&EOMONTH(DATE(TahunSel,BulanSel,1),0)) | F17: Laba/(Rugi) berjalan | G17: ='LABA RUGI'!$D$50
A18: 1.3.01.01 | B18: Tanah | C18: =SUMIFS('TRANSAKSI'!$H$10:$H$1000,'TRANSAKSI'!$E$10:$E$1000,$A18,'TRANSAKSI'!$B$10:$B$1000,"<="&EOMONTH(DATE(TahunSel,BulanSel,1),0))-SUMIFS('TRANSAKSI'!$I$10:$I$1000,'TRANSAKSI'!$E$10:$E$1000,$A18,'TRANSAKSI'!$B$10:$B$1000,"<="&EOMONTH(DATE(TahunSel,BulanSel,1),0)) | F18: TOTAL KEWAJIBAN & EKUITAS | G18: =SUM(G7:G17)
A19: 1.3.02.01 | B19: Kendaraan | C19: =SUMIFS('TRANSAKSI'!$H$10:$H$1000,'TRANSAKSI'!$E$10:$E$1000,$A19,'TRANSAKSI'!$B$10:$B$1000,"<="&EOMONTH(DATE(TahunSel,BulanSel,1),0))-SUMIFS('TRANSAKSI'!$I$10:$I$1000,'TRANSAKSI'!$E$10:$E$1000,$A19,'TRANSAKSI'!$B$10:$B$1000,"<="&EOMONTH(DATE(TahunSel,BulanSel,1),0))
A20: 1.3.03.01 | B20: Peralatan dan Mesin | C20: =SUMIFS('TRANSAKSI'!$H$10:$H$1000,'TRANSAKSI'!$E$10:$E$1000,$A20,'TRANSAKSI'!$B$10:$B$1000,"<="&EOMONTH(DATE(TahunSel,BulanSel,1),0))-SUMIFS('TRANSAKSI'!$I$10:$I$1000,'TRANSAKSI'!$E$10:$E$1000,$A20,'TRANSAKSI'!$B$10:$B$1000,"<="&EOMONTH(DATE(TahunSel,BulanSel,1),0))
A21: 1.3.04.01 | B21: Meubelair | C21: =SUMIFS('TRANSAKSI'!$H$10:$H$1000,'TRANSAKSI'!$E$10:$E$1000,$A21,'TRANSAKSI'!$B$10:$B$1000,"<="&EOMONTH(DATE(TahunSel,BulanSel,1),0))-SUMIFS('TRANSAKSI'!$I$10:$I$1000,'TRANSAKSI'!$E$10:$E$1000,$A21,'TRANSAKSI'!$B$10:$B$1000,"<="&EOMONTH(DATE(TahunSel,BulanSel,1),0))
A22: 1.3.05.01 | B22: Gedung dan Bangunan | C22: =SUMIFS('TRANSAKSI'!$H$10:$H$1000,'TRANSAKSI'!$E$10:$E$1000,$A22,'TRANSAKSI'!$B$10:$B$1000,"<="&EOMONTH(DATE(TahunSel,BulanSel,1),0))-SUMIFS('TRANSAKSI'!$I$10:$I$1000,'TRANSAKSI'!$E$10:$E$1000,$A22,'TRANSAKSI'!$B$10:$B$1000,"<="&EOMONTH(DATE(TahunSel,BulanSel,1),0))
A23: 1.3.07.01 | B23: Akum. Penyusutan Kendaraan | C23: =SUMIFS('TRANSAKSI'!$H$10:$H$1000,'TRANSAKSI'!$E$10:$E$1000,$A23,'TRANSAKSI'!$B$10:$B$1000,"<="&EOMONTH(DATE(TahunSel,BulanSel,1),0))-SUMIFS('TRANSAKSI'!$I$10:$I$1000,'TRANSAKSI'!$E$10:$E$1000,$A23,'TRANSAKSI'!$B$10:$B$1000,"<="&EOMONTH(DATE(TahunSel,BulanSel,1),0))
A24: 1.3.07.02 | B24: Akum. Penyusutan Peralatan dan Mesin | C24: =SUMIFS('TRANSAKSI'!$H$10:$H$1000,'TRANSAKSI'!$E$10:$E$1000,$A24,'TRANSAKSI'!$B$10:$B$1000,"<="&EOMONTH(DATE(TahunSel,BulanSel,1),0))-SUMIFS('TRANSAKSI'!$I$10:$I$1000,'TRANSAKSI'!$E$10:$E$1000,$A24,'TRANSAKSI'!$B$10:$B$1000,"<="&EOMONTH(DATE(TahunSel,BulanSel,1),0))
A25: 1.3.07.03 | B25: Akum. Penyusutan Meubelair | C25: =SUMIFS('TRANSAKSI'!$H$10:$H$1000,'TRANSAKSI'!$E$10:$E$1000,$A25,'TRANSAKSI'!$B$10:$B$1000,"<="&EOMONTH(DATE(TahunSel,BulanSel,1),0))-SUMIFS('TRANSAKSI'!$I$10:$I$1000,'TRANSAKSI'!$E$10:$E$1000,$A25,'TRANSAKSI'!$B$10:$B$1000,"<="&EOMONTH(DATE(TahunSel,BulanSel,1),0))
A26: 1.3.07.04 | B26: Akum. Penyusutan Gedung dan Bangunan | C26: =SUMIFS('TRANSAKSI'!$H$10:$H$1000,'TRANSAKSI'!$E$10:$E$1000,$A26,'TRANSAKSI'!$B$10:$B$1000,"<="&EOMONTH(DATE(TahunSel,BulanSel,1),0))-SUMIFS('TRANSAKSI'!$I$10:$I$1000,'TRANSAKSI'!$E$10:$E$1000,$A26,'TRANSAKSI'!$B$10:$B$1000,"<="&EOMONTH(DATE(TahunSel,BulanSel,1),0))
A27: 1.3.99.01 | B27: Aset Biologis - Sapi | C27: =SUMIFS('TRANSAKSI'!$H$10:$H$1000,'TRANSAKSI'!$E$10:$E$1000,$A27,'TRANSAKSI'!$B$10:$B$1000,"<="&EOMONTH(DATE(TahunSel,BulanSel,1),0))-SUMIFS('TRANSAKSI'!$I$10:$I$1000,'TRANSAKSI'!$E$10:$E$1000,$A27,'TRANSAKSI'!$B$10:$B$1000,"<="&EOMONTH(DATE(TahunSel,BulanSel,1),0))
A28: 1.3.99.04 | B28: Aset Biologis - Ayam | C28: =SUMIFS('TRANSAKSI'!$H$10:$H$1000,'TRANSAKSI'!$E$10:$E$1000,$A28,'TRANSAKSI'!$B$10:$B$1000,"<="&EOMONTH(DATE(TahunSel,BulanSel,1),0))-SUMIFS('TRANSAKSI'!$I$10:$I$1000,'TRANSAKSI'!$E$10:$E$1000,$A28,'TRANSAKSI'!$B$10:$B$1000,"<="&EOMONTH(DATE(TahunSel,BulanSel,1),0))
A29: 1.3.99.05 | B29: Aset Biologis - Padi | C29: =SUMIFS('TRANSAKSI'!$H$10:$H$1000,'TRANSAKSI'!$E$10:$E$1000,$A29,'TRANSAKSI'!$B$10:$B$1000,"<="&EOMONTH(DATE(TahunSel,BulanSel,1),0))-SUMIFS('TRANSAKSI'!$I$10:$I$1000,'TRANSAKSI'!$E$10:$E$1000,$A29,'TRANSAKSI'!$B$10:$B$1000,"<="&EOMONTH(DATE(TahunSel,BulanSel,1),0))
A30: 1.3.99.06 | B30: Aset Biologis - Jagung | C30: =SUMIFS('TRANSAKSI'!$H$10:$H$1000,'TRANSAKSI'!$E$10:$E$1000,$A30,'TRANSAKSI'!$B$10:$B$1000,"<="&EOMONTH(DATE(TahunSel,BulanSel,1),0))-SUMIFS('TRANSAKSI'!$I$10:$I$1000,'TRANSAKSI'!$E$10:$E$1000,$A30,'TRANSAKSI'!$B$10:$B$1000,"<="&EOMONTH(DATE(TahunSel,BulanSel,1),0))
A31: 1.4.01.01 | B31: Software | C31: =SUMIFS('TRANSAKSI'!$H$10:$H$1000,'TRANSAKSI'!$E$10:$E$1000,$A31,'TRANSAKSI'!$B$10:$B$1000,"<="&EOMONTH(DATE(TahunSel,BulanSel,1),0))-SUMIFS('TRANSAKSI'!$I$10:$I$1000,'TRANSAKSI'!$E$10:$E$1000,$A31,'TRANSAKSI'!$B$10:$B$1000,"<="&EOMONTH(DATE(TahunSel,BulanSel,1),0))
B32: TOTAL ASET | C32: =SUM(C7:C31)
B34: SELISIH ASET - KEWAJIBAN & EKUITAS | C34: =C32-G18
B35: CHECK BALANCE | C35: =IF(ABS(C34)<1,"OK — balance","CEK — tidak balance")

Sheet AKUN
A1: KODE AKUN | B1: NAMA AKUN | C1: KLASIFIKASI | D1: SALDO NORMAL
A2: 1.1.01.01 | B2: Kas Tunai | C2: Aset | D2: Debit
A3: 1.1.01.02 | B3: Kas di Bank BSI | C3: Aset | D3: Debit
A4: 1.1.01.03 | B4: Kas di Bank Mandiri | C4: Aset | D4: Debit
A5: 1.1.01.04 | B5: Kas di Bank BRI | C5: Aset | D5: Debit
A6: 1.1.01.05 | B6: Kas di Bank BPD | C6: Aset | D6: Debit
A7: 1.1.01.06 | B7: Kas di Bank Jatim | C7: Aset | D7: Debit
A8: 1.1.01.98 | B8: Kas Kecil (Petty Cash) | C8: Aset | D8: Debit
A9: 1.1.03.01 | B9: Piutang Usaha | C9: Aset | D9: Debit
A10: 1.1.05.01 | B10: Persediaan Barang Dagangan | C10: Aset | D10: Debit
A11: 1.1.05.02 | B11: Persediaan Bahan Baku | C11: Aset | D11: Debit
A12: 1.1.07.01 | B12: Sewa Dibayar Dimuka | C12: Aset | D12: Debit
... A73: 7.3.01.03 | B73: Beban Pajak Daerah | C73: Beban | D73: Debit
B78: Gunakan akun yang tersedia. Untuk akun baru permanen, tambahkan tuple ke COA di generate_template.py lalu jalankan ulang agar semua laporan mendapat barisnya.

Sheet PETUNJUK
B2: PETUNJUK PENGGUNAAN TEMPLATE
B4: 1. Mulai dari PENGATURAN. Pastikan identitas, daftar unit, Bulan aktif, dan Tahun aktif sudah benar.
B5: 2. Input jurnal di TRANSAKSI. Isi tanggal, unit usaha, jenis, kode akun, uraian, serta hanya angka Debet atau Kredit pada setiap baris.
B6: 3. Satu transaksi dapat terdiri dari beberapa baris. Gunakan uraian yang konsisten, tetapi laporan tidak bergantung pada uraian: agregasi menggunakan Kode Akun dan tanggal.
B7: 4. Baris contoh September 2025 diberi awalan [CONTOH]. Hapus atau ganti baris tersebut sebelum dipakai sebagai laporan resmi.
B8: 5. Pastikan kontrol 'Jurnal Debet = Kredit' dan 'CHECK BALANCE' di PENGATURAN berstatus OK. Jika tidak, cari baris jurnal yang belum berpasangan.
B9: 6. Lihat BULANAN untuk tren Jan–Des, LABA RUGI untuk bulan aktif dan kumulatif, ARUS KAS untuk pergerakan rekening kas, serta NERACA SALDO dan POSISI KEUANGAN untuk pemeriksaan posisi.
B10: 7. Gunakan akun yang sudah tersedia di AKUN. Untuk akun baru permanen, tambahkan tuple akun ke COA di generate_template.py lalu jalankan ulang agar baris akun muncul di semua laporan; menambah baris AKUN saja tidak cukup.
B12: IMPORT KE GOOGLE SHEETS
B13: Di Google Drive pilih New > File upload, unggah file XLSX ini, lalu Open with > Google Sheets. Alternatifnya di spreadsheet pilih File > Import > Upload dan pilih Create new spreadsheet.
B14: Setelah impor, cek locale tanggal/rupiah, data validation di TRANSAKSI, serta jalankan ulang pemeriksaan kontrol. Google Sheets akan menghitung ulang formula saat file dibuka.
B16: CATATAN DESAIN
B17: Template ini memakai satu tabel transaksi sepanjang tahun dan laporan berbasis SUMIFS dengan Kode Akun + periode. Hindari memindahkan/menyisipkan kolom di TRANSAKSI karena formula dan validasi mengikuti struktur tersebut.
